product,operation,concurrency,sample,latency_us,batch_us,dataset_records
engramdb,fork,1,0,1356.485,1604.873,1000
engramdb,fork,10,0,3317.936,13846.158,1000
engramdb,fork,10,1,9102.322,13846.158,1000
engramdb,fork,10,2,4455.291,13846.158,1000
engramdb,fork,10,3,11880.517,13846.158,1000
engramdb,fork,10,4,5102.129,13846.158,1000
engramdb,fork,10,5,12582.926,13846.158,1000
engramdb,fork,10,6,1853.182,13846.158,1000
engramdb,fork,10,7,13149.201,13846.158,1000
engramdb,fork,10,8,10684.006,13846.158,1000
engramdb,fork,10,9,5803.845,13846.158,1000
engramdb,fork,100,0,4568.192,109542.806,1000
engramdb,fork,100,1,6844.254,109542.806,1000
engramdb,fork,100,2,8700.868,109542.806,1000
engramdb,fork,100,3,37886.943,109542.806,1000
engramdb,fork,100,4,90132.418,109542.806,1000
engramdb,fork,100,5,8214.970,109542.806,1000
engramdb,fork,100,6,92074.066,109542.806,1000
engramdb,fork,100,7,12009.699,109542.806,1000
engramdb,fork,100,8,93679.492,109542.806,1000
engramdb,fork,100,9,10356.228,109542.806,1000
engramdb,fork,100,10,107052.194,109542.806,1000
engramdb,fork,100,11,18562.842,109542.806,1000
engramdb,fork,100,12,96917.176,109542.806,1000
engramdb,fork,100,13,102267.937,109542.806,1000
engramdb,fork,100,14,22230.779,109542.806,1000
engramdb,fork,100,15,15943.792,109542.806,1000
engramdb,fork,100,16,17176.017,109542.806,1000
engramdb,fork,100,17,24259.624,109542.806,1000
engramdb,fork,100,18,49185.837,109542.806,1000
engramdb,fork,100,19,96046.848,109542.806,1000
engramdb,fork,100,20,47988.961,109542.806,1000
engramdb,fork,100,21,9362.576,109542.806,1000
engramdb,fork,100,22,51569.915,109542.806,1000
engramdb,fork,100,23,14454.508,109542.806,1000
engramdb,fork,100,24,73308.841,109542.806,1000
engramdb,fork,100,25,42531.863,109542.806,1000
engramdb,fork,100,26,36640.931,109542.806,1000
engramdb,fork,100,27,76320.897,109542.806,1000
engramdb,fork,100,28,25707.280,109542.806,1000
engramdb,fork,100,29,27693.714,109542.806,1000
engramdb,fork,100,30,28638.201,109542.806,1000
engramdb,fork,100,31,29707.960,109542.806,1000
engramdb,fork,100,32,15219.241,109542.806,1000
engramdb,fork,100,33,79352.781,109542.806,1000
engramdb,fork,100,34,16572.632,109542.806,1000
engramdb,fork,100,35,80902.746,109542.806,1000
engramdb,fork,100,36,17706.151,109542.806,1000
engramdb,fork,100,37,19345.341,109542.806,1000
engramdb,fork,100,38,85225.778,109542.806,1000
engramdb,fork,100,39,30698.450,109542.806,1000
engramdb,fork,100,40,20573.302,109542.806,1000
engramdb,fork,100,41,34521.379,109542.806,1000
engramdb,fork,100,42,32344.196,109542.806,1000
engramdb,fork,100,43,25021.289,109542.806,1000
engramdb,fork,100,44,36142.094,109542.806,1000
engramdb,fork,100,45,70546.517,109542.806,1000
engramdb,fork,100,46,39748.039,109542.806,1000
engramdb,fork,100,47,46395.679,109542.806,1000
engramdb,fork,100,48,50043.082,109542.806,1000
engramdb,fork,100,49,26878.871,109542.806,1000
engramdb,fork,100,50,68137.495,109542.806,1000
engramdb,fork,100,51,55454.181,109542.806,1000
engramdb,fork,100,52,28081.532,109542.806,1000
engramdb,fork,100,53,77492.417,109542.806,1000
engramdb,fork,100,54,29281.161,109542.806,1000
engramdb,fork,100,55,83749.642,109542.806,1000
engramdb,fork,100,56,82105.593,109542.806,1000
engramdb,fork,100,57,30250.793,109542.806,1000
engramdb,fork,100,58,31296.642,109542.806,1000
engramdb,fork,100,59,31845.205,109542.806,1000
engramdb,fork,100,60,86719.260,109542.806,1000
engramdb,fork,100,61,32865.910,109542.806,1000
engramdb,fork,100,62,33395.271,109542.806,1000
engramdb,fork,100,63,34982.681,109542.806,1000
engramdb,fork,100,64,89139.848,109542.806,1000
engramdb,fork,100,65,88308.182,109542.806,1000
engramdb,fork,100,66,89532.882,109542.806,1000
engramdb,fork,100,67,35633.504,109542.806,1000
engramdb,fork,100,68,37378.370,109542.806,1000
engramdb,fork,100,69,38398.110,109542.806,1000
engramdb,fork,100,70,91427.761,109542.806,1000
engramdb,fork,100,71,92909.780,109542.806,1000
engramdb,fork,100,72,39043.255,109542.806,1000
engramdb,fork,100,73,44850.713,109542.806,1000
engramdb,fork,100,74,45862.689,109542.806,1000
engramdb,fork,100,75,94332.732,109542.806,1000
engramdb,fork,100,76,46890.692,109542.806,1000
engramdb,fork,100,77,48515.920,109542.806,1000
engramdb,fork,100,78,98690.248,109542.806,1000
engramdb,fork,100,79,104527.003,109542.806,1000
engramdb,fork,100,80,49675.975,109542.806,1000
engramdb,fork,100,81,50500.171,109542.806,1000
engramdb,fork,100,82,50993.599,109542.806,1000
engramdb,fork,100,83,98212.276,109542.806,1000
engramdb,fork,100,84,94961.692,109542.806,1000
engramdb,fork,100,85,52095.291,109542.806,1000
engramdb,fork,100,86,97282.860,109542.806,1000
engramdb,fork,100,87,99299.303,109542.806,1000
engramdb,fork,100,88,103652.183,109542.806,1000
engramdb,fork,100,89,52726.091,109542.806,1000
engramdb,fork,100,90,53378.427,109542.806,1000
engramdb,fork,100,91,54124.835,109542.806,1000
engramdb,fork,100,92,57775.384,109542.806,1000
engramdb,fork,100,93,59438.366,109542.806,1000
engramdb,fork,100,94,105063.410,109542.806,1000
engramdb,fork,100,95,62614.708,109542.806,1000
engramdb,fork,100,96,106237.349,109542.806,1000
engramdb,fork,100,97,66139.650,109542.806,1000
engramdb,fork,100,98,69232.500,109542.806,1000
engramdb,fork,100,99,2359.849,109542.806,1000
engramdb,fork,1000,0,54745.613,1399822.672,1000
engramdb,fork,1000,1,53281.399,1399822.672,1000
engramdb,fork,1000,2,17172.604,1399822.672,1000
engramdb,fork,1000,3,56423.951,1399822.672,1000
engramdb,fork,1000,4,56910.330,1399822.672,1000
engramdb,fork,1000,5,57764.069,1399822.672,1000
engramdb,fork,1000,6,72735.237,1399822.672,1000
engramdb,fork,1000,7,61226.244,1399822.672,1000
engramdb,fork,1000,8,66579.767,1399822.672,1000
engramdb,fork,1000,9,79117.162,1399822.672,1000
engramdb,fork,1000,10,139868.074,1399822.672,1000
engramdb,fork,1000,11,19407.619,1399822.672,1000
engramdb,fork,1000,12,58377.842,1399822.672,1000
engramdb,fork,1000,13,140469.755,1399822.672,1000
engramdb,fork,1000,14,20681.106,1399822.672,1000
engramdb,fork,1000,15,158280.528,1399822.672,1000
engramdb,fork,1000,16,10506.546,1399822.672,1000
engramdb,fork,1000,17,193981.873,1399822.672,1000
engramdb,fork,1000,18,15751.820,1399822.672,1000
engramdb,fork,1000,19,60656.667,1399822.672,1000
engramdb,fork,1000,20,200433.876,1399822.672,1000
engramdb,fork,1000,21,8739.630,1399822.672,1000
engramdb,fork,1000,22,74117.052,1399822.672,1000
engramdb,fork,1000,23,206931.749,1399822.672,1000
engramdb,fork,1000,24,69712.424,1399822.672,1000
engramdb,fork,1000,25,7641.807,1399822.672,1000
engramdb,fork,1000,26,230102.166,1399822.672,1000
engramdb,fork,1000,27,11124.873,1399822.672,1000
engramdb,fork,1000,28,64675.878,1399822.672,1000
engramdb,fork,1000,29,395035.787,1399822.672,1000
engramdb,fork,1000,30,455109.769,1399822.672,1000
engramdb,fork,1000,31,5482.214,1399822.672,1000
engramdb,fork,1000,32,77869.353,1399822.672,1000
engramdb,fork,1000,33,531580.263,1399822.672,1000
engramdb,fork,1000,34,9859.870,1399822.672,1000
engramdb,fork,1000,35,77258.814,1399822.672,1000
engramdb,fork,1000,36,538601.307,1399822.672,1000
engramdb,fork,1000,37,13144.243,1399822.672,1000
engramdb,fork,1000,38,79679.546,1399822.672,1000
engramdb,fork,1000,39,546446.954,1399822.672,1000
engramdb,fork,1000,40,17910.812,1399822.672,1000
engramdb,fork,1000,41,526976.077,1399822.672,1000
engramdb,fork,1000,42,18517.030,1399822.672,1000
engramdb,fork,1000,43,90513.317,1399822.672,1000
engramdb,fork,1000,44,536701.676,1399822.672,1000
engramdb,fork,1000,45,20021.038,1399822.672,1000
engramdb,fork,1000,46,538998.042,1399822.672,1000
engramdb,fork,1000,47,21195.433,1399822.672,1000
engramdb,fork,1000,48,543597.479,1399822.672,1000
engramdb,fork,1000,49,24561.890,1399822.672,1000
engramdb,fork,1000,50,86451.733,1399822.672,1000
engramdb,fork,1000,51,26347.519,1399822.672,1000
engramdb,fork,1000,52,549068.245,1399822.672,1000
engramdb,fork,1000,53,83505.657,1399822.672,1000
engramdb,fork,1000,54,551842.527,1399822.672,1000
engramdb,fork,1000,55,28386.591,1399822.672,1000
engramdb,fork,1000,56,555148.898,1399822.672,1000
engramdb,fork,1000,57,29021.220,1399822.672,1000
engramdb,fork,1000,58,557634.746,1399822.672,1000
engramdb,fork,1000,59,29415.635,1399822.672,1000
engramdb,fork,1000,60,562401.701,1399822.672,1000
engramdb,fork,1000,61,563845.617,1399822.672,1000
engramdb,fork,1000,62,30008.205,1399822.672,1000
engramdb,fork,1000,63,565961.199,1399822.672,1000
engramdb,fork,1000,64,567211.574,1399822.672,1000
engramdb,fork,1000,65,30579.407,1399822.672,1000
engramdb,fork,1000,66,567872.564,1399822.672,1000
engramdb,fork,1000,67,31135.725,1399822.672,1000
engramdb,fork,1000,68,92378.802,1399822.672,1000
engramdb,fork,1000,69,570789.253,1399822.672,1000
engramdb,fork,1000,70,33825.988,1399822.672,1000
engramdb,fork,1000,71,572804.266,1399822.672,1000
engramdb,fork,1000,72,36093.371,1399822.672,1000
engramdb,fork,1000,73,573788.115,1399822.672,1000
engramdb,fork,1000,74,37400.339,1399822.672,1000
engramdb,fork,1000,75,576363.304,1399822.672,1000
engramdb,fork,1000,76,577018.736,1399822.672,1000
engramdb,fork,1000,77,38076.397,1399822.672,1000
engramdb,fork,1000,78,578624.584,1399822.672,1000
engramdb,fork,1000,79,38557.025,1399822.672,1000
engramdb,fork,1000,80,581867.460,1399822.672,1000
engramdb,fork,1000,81,100630.546,1399822.672,1000
engramdb,fork,1000,82,583663.167,1399822.672,1000
engramdb,fork,1000,83,39248.131,1399822.672,1000
engramdb,fork,1000,84,584064.784,1399822.672,1000
engramdb,fork,1000,85,39944.311,1399822.672,1000
engramdb,fork,1000,86,585651.481,1399822.672,1000
engramdb,fork,1000,87,99641.134,1399822.672,1000
engramdb,fork,1000,88,586656.649,1399822.672,1000
engramdb,fork,1000,89,40630.537,1399822.672,1000
engramdb,fork,1000,90,588398.031,1399822.672,1000
engramdb,fork,1000,91,41206.032,1399822.672,1000
engramdb,fork,1000,92,106585.767,1399822.672,1000
engramdb,fork,1000,93,44519.755,1399822.672,1000
engramdb,fork,1000,94,592026.182,1399822.672,1000
engramdb,fork,1000,95,46478.087,1399822.672,1000
engramdb,fork,1000,96,594944.212,1399822.672,1000
engramdb,fork,1000,97,47969.276,1399822.672,1000
engramdb,fork,1000,98,597384.242,1399822.672,1000
engramdb,fork,1000,99,48648.330,1399822.672,1000
engramdb,fork,1000,100,49264.186,1399822.672,1000
engramdb,fork,1000,101,49668.628,1399822.672,1000
engramdb,fork,1000,102,624176.029,1399822.672,1000
engramdb,fork,1000,103,50233.415,1399822.672,1000
engramdb,fork,1000,104,50921.967,1399822.672,1000
engramdb,fork,1000,105,51585.061,1399822.672,1000
engramdb,fork,1000,106,657220.523,1399822.672,1000
engramdb,fork,1000,107,52676.855,1399822.672,1000
engramdb,fork,1000,108,53825.821,1399822.672,1000
engramdb,fork,1000,109,54171.642,1399822.672,1000
engramdb,fork,1000,110,658195.919,1399822.672,1000
engramdb,fork,1000,111,55111.071,1399822.672,1000
engramdb,fork,1000,112,60018.827,1399822.672,1000
engramdb,fork,1000,113,59406.229,1399822.672,1000
engramdb,fork,1000,114,62568.679,1399822.672,1000
engramdb,fork,1000,115,70764.344,1399822.672,1000
engramdb,fork,1000,116,75262.464,1399822.672,1000
engramdb,fork,1000,117,80684.818,1399822.672,1000
engramdb,fork,1000,118,89567.700,1399822.672,1000
engramdb,fork,1000,119,95813.802,1399822.672,1000
engramdb,fork,1000,120,104353.315,1399822.672,1000
engramdb,fork,1000,121,108872.216,1399822.672,1000
engramdb,fork,1000,122,658737.225,1399822.672,1000
engramdb,fork,1000,123,109838.331,1399822.672,1000
engramdb,fork,1000,124,661236.074,1399822.672,1000
engramdb,fork,1000,125,110337.277,1399822.672,1000
engramdb,fork,1000,126,664815.829,1399822.672,1000
engramdb,fork,1000,127,110865.689,1399822.672,1000
engramdb,fork,1000,128,111627.771,1399822.672,1000
engramdb,fork,1000,129,113449.138,1399822.672,1000
engramdb,fork,1000,130,115153.732,1399822.672,1000
engramdb,fork,1000,131,116710.291,1399822.672,1000
engramdb,fork,1000,132,118692.070,1399822.672,1000
engramdb,fork,1000,133,120462.630,1399822.672,1000
engramdb,fork,1000,134,123022.181,1399822.672,1000
engramdb,fork,1000,135,125867.243,1399822.672,1000
engramdb,fork,1000,136,128529.123,1399822.672,1000
engramdb,fork,1000,137,129727.099,1399822.672,1000
engramdb,fork,1000,138,130372.369,1399822.672,1000
engramdb,fork,1000,139,130942.963,1399822.672,1000
engramdb,fork,1000,140,132190.408,1399822.672,1000
engramdb,fork,1000,141,132920.993,1399822.672,1000
engramdb,fork,1000,142,133549.454,1399822.672,1000
engramdb,fork,1000,143,134522.199,1399822.672,1000
engramdb,fork,1000,144,135528.166,1399822.672,1000
engramdb,fork,1000,145,136051.196,1399822.672,1000
engramdb,fork,1000,146,136863.203,1399822.672,1000
engramdb,fork,1000,147,137657.134,1399822.672,1000
engramdb,fork,1000,148,138213.238,1399822.672,1000
engramdb,fork,1000,149,139392.432,1399822.672,1000
engramdb,fork,1000,150,144300.830,1399822.672,1000
engramdb,fork,1000,151,147238.433,1399822.672,1000
engramdb,fork,1000,152,150294.406,1399822.672,1000
engramdb,fork,1000,153,152074.461,1399822.672,1000
engramdb,fork,1000,154,154850.416,1399822.672,1000
engramdb,fork,1000,155,156444.959,1399822.672,1000
engramdb,fork,1000,156,157308.411,1399822.672,1000
engramdb,fork,1000,157,159581.629,1399822.672,1000
engramdb,fork,1000,158,160358.849,1399822.672,1000
engramdb,fork,1000,159,160762.975,1399822.672,1000
engramdb,fork,1000,160,163409.051,1399822.672,1000
engramdb,fork,1000,161,166634.153,1399822.672,1000
engramdb,fork,1000,162,666961.842,1399822.672,1000
engramdb,fork,1000,163,168860.082,1399822.672,1000
engramdb,fork,1000,164,668297.430,1399822.672,1000
engramdb,fork,1000,165,170007.277,1399822.672,1000
engramdb,fork,1000,166,173130.120,1399822.672,1000
engramdb,fork,1000,167,170522.071,1399822.672,1000
engramdb,fork,1000,168,175920.563,1399822.672,1000
engramdb,fork,1000,169,176314.920,1399822.672,1000
engramdb,fork,1000,170,176908.473,1399822.672,1000
engramdb,fork,1000,171,177359.300,1399822.672,1000
engramdb,fork,1000,172,178126.001,1399822.672,1000
engramdb,fork,1000,173,178869.076,1399822.672,1000
engramdb,fork,1000,174,179435.618,1399822.672,1000
engramdb,fork,1000,175,180107.521,1399822.672,1000
engramdb,fork,1000,176,183301.700,1399822.672,1000
engramdb,fork,1000,177,186214.512,1399822.672,1000
engramdb,fork,1000,178,669368.487,1399822.672,1000
engramdb,fork,1000,179,189612.975,1399822.672,1000
engramdb,fork,1000,180,671827.994,1399822.672,1000
engramdb,fork,1000,181,191482.332,1399822.672,1000
engramdb,fork,1000,182,197331.547,1399822.672,1000
engramdb,fork,1000,183,674371.606,1399822.672,1000
engramdb,fork,1000,184,203400.227,1399822.672,1000
engramdb,fork,1000,185,675081.491,1399822.672,1000
engramdb,fork,1000,186,205098.794,1399822.672,1000
engramdb,fork,1000,187,675462.774,1399822.672,1000
engramdb,fork,1000,188,208613.106,1399822.672,1000
engramdb,fork,1000,189,209530.404,1399822.672,1000
engramdb,fork,1000,190,676041.489,1399822.672,1000
engramdb,fork,1000,191,210047.293,1399822.672,1000
engramdb,fork,1000,192,676826.334,1399822.672,1000
engramdb,fork,1000,193,210678.045,1399822.672,1000
engramdb,fork,1000,194,211722.254,1399822.672,1000
engramdb,fork,1000,195,677461.423,1399822.672,1000
engramdb,fork,1000,196,213214.227,1399822.672,1000
engramdb,fork,1000,197,214496.856,1399822.672,1000
engramdb,fork,1000,198,216311.643,1399822.672,1000
engramdb,fork,1000,199,218004.051,1399822.672,1000
engramdb,fork,1000,200,678067.404,1399822.672,1000
engramdb,fork,1000,201,219648.999,1399822.672,1000
engramdb,fork,1000,202,221133.182,1399822.672,1000
engramdb,fork,1000,203,224062.041,1399822.672,1000
engramdb,fork,1000,204,227046.691,1399822.672,1000
engramdb,fork,1000,205,228316.573,1399822.672,1000
engramdb,fork,1000,206,228829.615,1399822.672,1000
engramdb,fork,1000,207,229594.789,1399822.672,1000
engramdb,fork,1000,208,232556.455,1399822.672,1000
engramdb,fork,1000,209,235266.134,1399822.672,1000
engramdb,fork,1000,210,237180.087,1399822.672,1000
engramdb,fork,1000,211,240116.156,1399822.672,1000
engramdb,fork,1000,212,243226.115,1399822.672,1000
engramdb,fork,1000,213,678672.877,1399822.672,1000
engramdb,fork,1000,214,682039.454,1399822.672,1000
engramdb,fork,1000,215,247158.587,1399822.672,1000
engramdb,fork,1000,216,250008.459,1399822.672,1000
engramdb,fork,1000,217,685117.772,1399822.672,1000
engramdb,fork,1000,218,252743.862,1399822.672,1000
engramdb,fork,1000,219,255617.626,1399822.672,1000
engramdb,fork,1000,220,257956.941,1399822.672,1000
engramdb,fork,1000,221,258531.426,1399822.672,1000
engramdb,fork,1000,222,686046.247,1399822.672,1000
engramdb,fork,1000,223,259648.360,1399822.672,1000
engramdb,fork,1000,224,260588.857,1399822.672,1000
engramdb,fork,1000,225,271377.595,1399822.672,1000
engramdb,fork,1000,226,686912.167,1399822.672,1000
engramdb,fork,1000,227,273932.139,1399822.672,1000
engramdb,fork,1000,228,276837.378,1399822.672,1000
engramdb,fork,1000,229,278516.769,1399822.672,1000
engramdb,fork,1000,230,290981.899,1399822.672,1000
engramdb,fork,1000,231,269826.825,1399822.672,1000
engramdb,fork,1000,232,280662.270,1399822.672,1000
engramdb,fork,1000,233,263539.857,1399822.672,1000
engramdb,fork,1000,234,279570.229,1399822.672,1000
engramdb,fork,1000,235,288412.336,1399822.672,1000
engramdb,fork,1000,236,268812.221,1399822.672,1000
engramdb,fork,1000,237,284418.430,1399822.672,1000
engramdb,fork,1000,238,266381.677,1399822.672,1000
engramdb,fork,1000,239,281897.758,1399822.672,1000
engramdb,fork,1000,240,286261.908,1399822.672,1000
engramdb,fork,1000,241,289650.056,1399822.672,1000
engramdb,fork,1000,242,294374.252,1399822.672,1000
engramdb,fork,1000,243,297246.697,1399822.672,1000
engramdb,fork,1000,244,299745.830,1399822.672,1000
engramdb,fork,1000,245,301739.345,1399822.672,1000
engramdb,fork,1000,246,305484.254,1399822.672,1000
engramdb,fork,1000,247,308279.766,1399822.672,1000
engramdb,fork,1000,248,312093.162,1399822.672,1000
engramdb,fork,1000,249,309464.017,1399822.672,1000
engramdb,fork,1000,250,313677.523,1399822.672,1000
engramdb,fork,1000,251,688279.780,1399822.672,1000
engramdb,fork,1000,252,316312.401,1399822.672,1000
engramdb,fork,1000,253,317352.411,1399822.672,1000
engramdb,fork,1000,254,319458.299,1399822.672,1000
engramdb,fork,1000,255,320423.314,1399822.672,1000
engramdb,fork,1000,256,323105.289,1399822.672,1000
engramdb,fork,1000,257,325928.184,1399822.672,1000
engramdb,fork,1000,258,327234.556,1399822.672,1000
engramdb,fork,1000,259,328380.935,1399822.672,1000
engramdb,fork,1000,260,329777.730,1399822.672,1000
engramdb,fork,1000,261,328968.211,1399822.672,1000
engramdb,fork,1000,262,330451.002,1399822.672,1000
engramdb,fork,1000,263,332858.251,1399822.672,1000
engramdb,fork,1000,264,335108.946,1399822.672,1000
engramdb,fork,1000,265,336345.676,1399822.672,1000
engramdb,fork,1000,266,336950.094,1399822.672,1000
engramdb,fork,1000,267,337895.787,1399822.672,1000
engramdb,fork,1000,268,339671.200,1399822.672,1000
engramdb,fork,1000,269,342095.590,1399822.672,1000
engramdb,fork,1000,270,345168.848,1399822.672,1000
engramdb,fork,1000,271,348468.232,1399822.672,1000
engramdb,fork,1000,272,349850.978,1399822.672,1000
engramdb,fork,1000,273,351705.053,1399822.672,1000
engramdb,fork,1000,274,352926.093,1399822.672,1000
engramdb,fork,1000,275,354377.108,1399822.672,1000
engramdb,fork,1000,276,356109.186,1399822.672,1000
engramdb,fork,1000,277,356973.585,1399822.672,1000
engramdb,fork,1000,278,357584.371,1399822.672,1000
engramdb,fork,1000,279,358910.492,1399822.672,1000
engramdb,fork,1000,280,359409.828,1399822.672,1000
engramdb,fork,1000,281,359942.641,1399822.672,1000
engramdb,fork,1000,282,361386.562,1399822.672,1000
engramdb,fork,1000,283,364396.761,1399822.672,1000
engramdb,fork,1000,284,366171.818,1399822.672,1000
engramdb,fork,1000,285,368048.333,1399822.672,1000
engramdb,fork,1000,286,369090.831,1399822.672,1000
engramdb,fork,1000,287,369866.290,1399822.672,1000
engramdb,fork,1000,288,372713.459,1399822.672,1000
engramdb,fork,1000,289,375905.640,1399822.672,1000
engramdb,fork,1000,290,378000.310,1399822.672,1000
engramdb,fork,1000,291,379634.545,1399822.672,1000
engramdb,fork,1000,292,380760.385,1399822.672,1000
engramdb,fork,1000,293,384571.598,1399822.672,1000
engramdb,fork,1000,294,387434.128,1399822.672,1000
engramdb,fork,1000,295,389565.293,1399822.672,1000
engramdb,fork,1000,296,390503.580,1399822.672,1000
engramdb,fork,1000,297,391321.629,1399822.672,1000
engramdb,fork,1000,298,391775.399,1399822.672,1000
engramdb,fork,1000,299,392273.097,1399822.672,1000
engramdb,fork,1000,300,393119.824,1399822.672,1000
engramdb,fork,1000,301,394407.235,1399822.672,1000
engramdb,fork,1000,302,395702.519,1399822.672,1000
engramdb,fork,1000,303,396247.510,1399822.672,1000
engramdb,fork,1000,304,396872.322,1399822.672,1000
engramdb,fork,1000,305,397621.543,1399822.672,1000
engramdb,fork,1000,306,398255.857,1399822.672,1000
engramdb,fork,1000,307,398693.082,1399822.672,1000
engramdb,fork,1000,308,399369.771,1399822.672,1000
engramdb,fork,1000,309,400002.651,1399822.672,1000
engramdb,fork,1000,310,400610.584,1399822.672,1000
engramdb,fork,1000,311,401405.927,1399822.672,1000
engramdb,fork,1000,312,402167.419,1399822.672,1000
engramdb,fork,1000,313,402790.659,1399822.672,1000
engramdb,fork,1000,314,403380.049,1399822.672,1000
engramdb,fork,1000,315,403858.655,1399822.672,1000
engramdb,fork,1000,316,404345.597,1399822.672,1000
engramdb,fork,1000,317,404946.831,1399822.672,1000
engramdb,fork,1000,318,405571.516,1399822.672,1000
engramdb,fork,1000,319,406744.684,1399822.672,1000
engramdb,fork,1000,320,407364.631,1399822.672,1000
engramdb,fork,1000,321,408002.478,1399822.672,1000
engramdb,fork,1000,322,408587.015,1399822.672,1000
engramdb,fork,1000,323,409215.958,1399822.672,1000
engramdb,fork,1000,324,409645.593,1399822.672,1000
engramdb,fork,1000,325,411334.688,1399822.672,1000
engramdb,fork,1000,326,412419.729,1399822.672,1000
engramdb,fork,1000,327,414091.874,1399822.672,1000
engramdb,fork,1000,328,415671.241,1399822.672,1000
engramdb,fork,1000,329,417736.471,1399822.672,1000
engramdb,fork,1000,330,419083.500,1399822.672,1000
engramdb,fork,1000,331,420089.254,1399822.672,1000
engramdb,fork,1000,332,421921.410,1399822.672,1000
engramdb,fork,1000,333,423989.464,1399822.672,1000
engramdb,fork,1000,334,425150.155,1399822.672,1000
engramdb,fork,1000,335,426002.697,1399822.672,1000
engramdb,fork,1000,336,426589.806,1399822.672,1000
engramdb,fork,1000,337,427221.932,1399822.672,1000
engramdb,fork,1000,338,427791.702,1399822.672,1000
engramdb,fork,1000,339,428413.725,1399822.672,1000
engramdb,fork,1000,340,428971.054,1399822.672,1000
engramdb,fork,1000,341,429467.172,1399822.672,1000
engramdb,fork,1000,342,430988.701,1399822.672,1000
engramdb,fork,1000,343,431896.668,1399822.672,1000
engramdb,fork,1000,344,433408.649,1399822.672,1000
engramdb,fork,1000,345,434700.896,1399822.672,1000
engramdb,fork,1000,346,435313.307,1399822.672,1000
engramdb,fork,1000,347,435858.323,1399822.672,1000
engramdb,fork,1000,348,436509.603,1399822.672,1000
engramdb,fork,1000,349,437250.491,1399822.672,1000
engramdb,fork,1000,350,437863.990,1399822.672,1000
engramdb,fork,1000,351,438556.809,1399822.672,1000
engramdb,fork,1000,352,439021.464,1399822.672,1000
engramdb,fork,1000,353,439478.452,1399822.672,1000
engramdb,fork,1000,354,440636.589,1399822.672,1000
engramdb,fork,1000,355,442019.895,1399822.672,1000
engramdb,fork,1000,356,443266.835,1399822.672,1000
engramdb,fork,1000,357,444345.545,1399822.672,1000
engramdb,fork,1000,358,445754.630,1399822.672,1000
engramdb,fork,1000,359,446514.809,1399822.672,1000
engramdb,fork,1000,360,446915.537,1399822.672,1000
engramdb,fork,1000,361,447556.405,1399822.672,1000
engramdb,fork,1000,362,447953.963,1399822.672,1000
engramdb,fork,1000,363,448448.343,1399822.672,1000
engramdb,fork,1000,364,449090.780,1399822.672,1000
engramdb,fork,1000,365,449898.281,1399822.672,1000
engramdb,fork,1000,366,451425.086,1399822.672,1000
engramdb,fork,1000,367,452428.928,1399822.672,1000
engramdb,fork,1000,368,455835.811,1399822.672,1000
engramdb,fork,1000,369,453962.092,1399822.672,1000
engramdb,fork,1000,370,689322.988,1399822.672,1000
engramdb,fork,1000,371,692808.103,1399822.672,1000
engramdb,fork,1000,372,694245.945,1399822.672,1000
engramdb,fork,1000,373,713604.190,1399822.672,1000
engramdb,fork,1000,374,695526.967,1399822.672,1000
engramdb,fork,1000,375,697821.039,1399822.672,1000
engramdb,fork,1000,376,458702.356,1399822.672,1000
engramdb,fork,1000,377,458001.633,1399822.672,1000
engramdb,fork,1000,378,460576.345,1399822.672,1000
engramdb,fork,1000,379,462660.732,1399822.672,1000
engramdb,fork,1000,380,463983.456,1399822.672,1000
engramdb,fork,1000,381,465143.461,1399822.672,1000
engramdb,fork,1000,382,466906.037,1399822.672,1000
engramdb,fork,1000,383,457342.573,1399822.672,1000
engramdb,fork,1000,384,456410.258,1399822.672,1000
engramdb,fork,1000,385,698561.034,1399822.672,1000
engramdb,fork,1000,386,468445.041,1399822.672,1000
engramdb,fork,1000,387,459308.288,1399822.672,1000
engramdb,fork,1000,388,701430.142,1399822.672,1000
engramdb,fork,1000,389,461628.968,1399822.672,1000
engramdb,fork,1000,390,704436.167,1399822.672,1000
engramdb,fork,1000,391,463309.347,1399822.672,1000
engramdb,fork,1000,392,466054.309,1399822.672,1000
engramdb,fork,1000,393,706443.289,1399822.672,1000
engramdb,fork,1000,394,467589.398,1399822.672,1000
engramdb,fork,1000,395,707207.761,1399822.672,1000
engramdb,fork,1000,396,468945.811,1399822.672,1000
engramdb,fork,1000,397,707828.621,1399822.672,1000
engramdb,fork,1000,398,477206.887,1399822.672,1000
engramdb,fork,1000,399,708371.065,1399822.672,1000
engramdb,fork,1000,400,470290.814,1399822.672,1000
engramdb,fork,1000,401,709012.802,1399822.672,1000
engramdb,fork,1000,402,476331.892,1399822.672,1000
engramdb,fork,1000,403,710276.927,1399822.672,1000
engramdb,fork,1000,404,712454.544,1399822.672,1000
engramdb,fork,1000,405,714096.401,1399822.672,1000
engramdb,fork,1000,406,473596.953,1399822.672,1000
engramdb,fork,1000,407,714595.736,1399822.672,1000
engramdb,fork,1000,408,715235.348,1399822.672,1000
engramdb,fork,1000,409,715830.290,1399822.672,1000
engramdb,fork,1000,410,475551.669,1399822.672,1000
engramdb,fork,1000,411,716414.225,1399822.672,1000
engramdb,fork,1000,412,717063.079,1399822.672,1000
engramdb,fork,1000,413,478517.802,1399822.672,1000
engramdb,fork,1000,414,717659.686,1399822.672,1000
engramdb,fork,1000,415,479174.950,1399822.672,1000
engramdb,fork,1000,416,718251.192,1399822.672,1000
engramdb,fork,1000,417,506792.977,1399822.672,1000
engramdb,fork,1000,418,719574.291,1399822.672,1000
engramdb,fork,1000,419,722812.283,1399822.672,1000
engramdb,fork,1000,420,481672.936,1399822.672,1000
engramdb,fork,1000,421,724868.240,1399822.672,1000
engramdb,fork,1000,422,725851.904,1399822.672,1000
engramdb,fork,1000,423,726860.912,1399822.672,1000
engramdb,fork,1000,424,727402.953,1399822.672,1000
engramdb,fork,1000,425,491020.762,1399822.672,1000
engramdb,fork,1000,426,499130.518,1399822.672,1000
engramdb,fork,1000,427,484583.838,1399822.672,1000
engramdb,fork,1000,428,728030.899,1399822.672,1000
engramdb,fork,1000,429,729264.093,1399822.672,1000
engramdb,fork,1000,430,732749.125,1399822.672,1000
engramdb,fork,1000,431,734957.194,1399822.672,1000
engramdb,fork,1000,432,525092.604,1399822.672,1000
engramdb,fork,1000,433,736941.917,1399822.672,1000
engramdb,fork,1000,434,738423.407,1399822.672,1000
engramdb,fork,1000,435,508095.312,1399822.672,1000
engramdb,fork,1000,436,510777.408,1399822.672,1000
engramdb,fork,1000,437,519711.460,1399822.672,1000
engramdb,fork,1000,438,516610.762,1399822.672,1000
engramdb,fork,1000,439,741986.176,1399822.672,1000
engramdb,fork,1000,440,744872.260,1399822.672,1000
engramdb,fork,1000,441,747994.431,1399822.672,1000
engramdb,fork,1000,442,749240.109,1399822.672,1000
engramdb,fork,1000,443,752380.848,1399822.672,1000
engramdb,fork,1000,444,754662.759,1399822.672,1000
engramdb,fork,1000,445,527975.936,1399822.672,1000
engramdb,fork,1000,446,756104.288,1399822.672,1000
engramdb,fork,1000,447,757269.126,1399822.672,1000
engramdb,fork,1000,448,757905.436,1399822.672,1000
engramdb,fork,1000,449,758393.600,1399822.672,1000
engramdb,fork,1000,450,760191.680,1399822.672,1000
engramdb,fork,1000,451,762999.223,1399822.672,1000
engramdb,fork,1000,452,764897.127,1399822.672,1000
engramdb,fork,1000,453,534595.585,1399822.672,1000
engramdb,fork,1000,454,765902.676,1399822.672,1000
engramdb,fork,1000,455,766736.067,1399822.672,1000
engramdb,fork,1000,456,767382.629,1399822.672,1000
engramdb,fork,1000,457,767894.165,1399822.672,1000
engramdb,fork,1000,458,768447.800,1399822.672,1000
engramdb,fork,1000,459,771249.454,1399822.672,1000
engramdb,fork,1000,460,556167.937,1399822.672,1000
engramdb,fork,1000,461,774179.095,1399822.672,1000
engramdb,fork,1000,462,775685.560,1399822.672,1000
engramdb,fork,1000,463,776498.816,1399822.672,1000
engramdb,fork,1000,464,777715.521,1399822.672,1000
engramdb,fork,1000,465,778491.247,1399822.672,1000
engramdb,fork,1000,466,780814.188,1399822.672,1000
engramdb,fork,1000,467,560478.252,1399822.672,1000
engramdb,fork,1000,468,783570.593,1399822.672,1000
engramdb,fork,1000,469,785561.869,1399822.672,1000
engramdb,fork,1000,470,787713.079,1399822.672,1000
engramdb,fork,1000,471,788327.812,1399822.672,1000
engramdb,fork,1000,472,790716.619,1399822.672,1000
engramdb,fork,1000,473,793991.903,1399822.672,1000
engramdb,fork,1000,474,797553.001,1399822.672,1000
engramdb,fork,1000,475,798812.535,1399822.672,1000
engramdb,fork,1000,476,801706.849,1399822.672,1000
engramdb,fork,1000,477,566807.863,1399822.672,1000
engramdb,fork,1000,478,803004.091,1399822.672,1000
engramdb,fork,1000,479,804374.193,1399822.672,1000
engramdb,fork,1000,480,805407.014,1399822.672,1000
engramdb,fork,1000,481,805928.557,1399822.672,1000
engramdb,fork,1000,482,806656.447,1399822.672,1000
engramdb,fork,1000,483,807195.080,1399822.672,1000
engramdb,fork,1000,484,807799.104,1399822.672,1000
engramdb,fork,1000,485,808293.783,1399822.672,1000
engramdb,fork,1000,486,569368.533,1399822.672,1000
engramdb,fork,1000,487,810361.342,1399822.672,1000
engramdb,fork,1000,488,811291.325,1399822.672,1000
engramdb,fork,1000,489,812620.695,1399822.672,1000
engramdb,fork,1000,490,813738.618,1399822.672,1000
engramdb,fork,1000,491,814669.789,1399822.672,1000
engramdb,fork,1000,492,815282.455,1399822.672,1000
engramdb,fork,1000,493,816185.883,1399822.672,1000
engramdb,fork,1000,494,816853.886,1399822.672,1000
engramdb,fork,1000,495,817587.727,1399822.672,1000
engramdb,fork,1000,496,818171.027,1399822.672,1000
engramdb,fork,1000,497,818779.456,1399822.672,1000
engramdb,fork,1000,498,819370.267,1399822.672,1000
engramdb,fork,1000,499,820179.828,1399822.672,1000
engramdb,fork,1000,500,574701.141,1399822.672,1000
engramdb,fork,1000,501,820779.779,1399822.672,1000
engramdb,fork,1000,502,821313.461,1399822.672,1000
engramdb,fork,1000,503,821911.309,1399822.672,1000
engramdb,fork,1000,504,822557.038,1399822.672,1000
engramdb,fork,1000,505,823227.911,1399822.672,1000
engramdb,fork,1000,506,824032.824,1399822.672,1000
engramdb,fork,1000,507,825096.334,1399822.672,1000
engramdb,fork,1000,508,825873.116,1399822.672,1000
engramdb,fork,1000,509,826455.350,1399822.672,1000
engramdb,fork,1000,510,576124.599,1399822.672,1000
engramdb,fork,1000,511,827063.397,1399822.672,1000
engramdb,fork,1000,512,827663.975,1399822.672,1000
engramdb,fork,1000,513,828160.929,1399822.672,1000
engramdb,fork,1000,514,828928.771,1399822.672,1000
engramdb,fork,1000,515,831689.193,1399822.672,1000
engramdb,fork,1000,516,833750.864,1399822.672,1000
engramdb,fork,1000,517,834946.823,1399822.672,1000
engramdb,fork,1000,518,835473.036,1399822.672,1000
engramdb,fork,1000,519,836086.678,1399822.672,1000
engramdb,fork,1000,520,836780.036,1399822.672,1000
engramdb,fork,1000,521,837886.359,1399822.672,1000
engramdb,fork,1000,522,838373.108,1399822.672,1000
engramdb,fork,1000,523,841333.183,1399822.672,1000
engramdb,fork,1000,524,496950.531,1399822.672,1000
engramdb,fork,1000,525,487047.379,1399822.672,1000
engramdb,fork,1000,526,493847.979,1399822.672,1000
engramdb,fork,1000,527,844802.130,1399822.672,1000
engramdb,fork,1000,528,502451.783,1399822.672,1000
engramdb,fork,1000,529,847590.368,1399822.672,1000
engramdb,fork,1000,530,849356.334,1399822.672,1000
engramdb,fork,1000,531,852689.264,1399822.672,1000
engramdb,fork,1000,532,855392.825,1399822.672,1000
engramdb,fork,1000,533,857009.168,1399822.672,1000
engramdb,fork,1000,534,857763.656,1399822.672,1000
engramdb,fork,1000,535,858782.812,1399822.672,1000
engramdb,fork,1000,536,860662.609,1399822.672,1000
engramdb,fork,1000,537,862412.697,1399822.672,1000
engramdb,fork,1000,538,489017.831,1399822.672,1000
engramdb,fork,1000,539,863490.887,1399822.672,1000
engramdb,fork,1000,540,864737.193,1399822.672,1000
engramdb,fork,1000,541,865199.845,1399822.672,1000
engramdb,fork,1000,542,865917.326,1399822.672,1000
engramdb,fork,1000,543,866545.333,1399822.672,1000
engramdb,fork,1000,544,867192.756,1399822.672,1000
engramdb,fork,1000,545,867663.557,1399822.672,1000
engramdb,fork,1000,546,877091.106,1399822.672,1000
engramdb,fork,1000,547,505135.411,1399822.672,1000
engramdb,fork,1000,548,870159.725,1399822.672,1000
engramdb,fork,1000,549,873071.612,1399822.672,1000
engramdb,fork,1000,550,875336.872,1399822.672,1000
engramdb,fork,1000,551,877616.629,1399822.672,1000
engramdb,fork,1000,552,876660.224,1399822.672,1000
engramdb,fork,1000,553,878865.224,1399822.672,1000
engramdb,fork,1000,554,881322.087,1399822.672,1000
engramdb,fork,1000,555,884171.992,1399822.672,1000
engramdb,fork,1000,556,507390.810,1399822.672,1000
engramdb,fork,1000,557,885934.120,1399822.672,1000
engramdb,fork,1000,558,887423.695,1399822.672,1000
engramdb,fork,1000,559,892247.038,1399822.672,1000
engramdb,fork,1000,560,888042.993,1399822.672,1000
engramdb,fork,1000,561,888740.783,1399822.672,1000
engramdb,fork,1000,562,894571.629,1399822.672,1000
engramdb,fork,1000,563,889255.254,1399822.672,1000
engramdb,fork,1000,564,890125.899,1399822.672,1000
engramdb,fork,1000,565,895213.181,1399822.672,1000
engramdb,fork,1000,566,508525.402,1399822.672,1000
engramdb,fork,1000,567,893365.452,1399822.672,1000
engramdb,fork,1000,568,894075.504,1399822.672,1000
engramdb,fork,1000,569,897024.806,1399822.672,1000
engramdb,fork,1000,570,895972.965,1399822.672,1000
engramdb,fork,1000,571,896544.839,1399822.672,1000
engramdb,fork,1000,572,897620.734,1399822.672,1000
engramdb,fork,1000,573,898673.998,1399822.672,1000
engramdb,fork,1000,574,898109.381,1399822.672,1000
engramdb,fork,1000,575,899238.206,1399822.672,1000
engramdb,fork,1000,576,509045.752,1399822.672,1000
engramdb,fork,1000,577,900491.523,1399822.672,1000
engramdb,fork,1000,578,899995.926,1399822.672,1000
engramdb,fork,1000,579,900834.872,1399822.672,1000
engramdb,fork,1000,580,901478.046,1399822.672,1000
engramdb,fork,1000,581,901816.691,1399822.672,1000
engramdb,fork,1000,582,903130.124,1399822.672,1000
engramdb,fork,1000,583,902414.137,1399822.672,1000
engramdb,fork,1000,584,903617.855,1399822.672,1000
engramdb,fork,1000,585,905068.408,1399822.672,1000
engramdb,fork,1000,586,517576.945,1399822.672,1000
engramdb,fork,1000,587,513242.601,1399822.672,1000
engramdb,fork,1000,588,515865.433,1399822.672,1000
engramdb,fork,1000,589,518502.096,1399822.672,1000
engramdb,fork,1000,590,515045.133,1399822.672,1000
engramdb,fork,1000,591,521747.477,1399822.672,1000
engramdb,fork,1000,592,523715.896,1399822.672,1000
engramdb,fork,1000,593,904514.719,1399822.672,1000
engramdb,fork,1000,594,526385.302,1399822.672,1000
engramdb,fork,1000,595,905614.403,1399822.672,1000
engramdb,fork,1000,596,906860.598,1399822.672,1000
engramdb,fork,1000,597,906219.290,1399822.672,1000
engramdb,fork,1000,598,907436.827,1399822.672,1000
engramdb,fork,1000,599,908087.023,1399822.672,1000
engramdb,fork,1000,600,909712.655,1399822.672,1000
engramdb,fork,1000,601,912666.179,1399822.672,1000
engramdb,fork,1000,602,911290.124,1399822.672,1000
engramdb,fork,1000,603,914106.905,1399822.672,1000
engramdb,fork,1000,604,914721.041,1399822.672,1000
engramdb,fork,1000,605,525787.773,1399822.672,1000
engramdb,fork,1000,606,915314.108,1399822.672,1000
engramdb,fork,1000,607,916142.348,1399822.672,1000
engramdb,fork,1000,608,917007.112,1399822.672,1000
engramdb,fork,1000,609,917756.438,1399822.672,1000
engramdb,fork,1000,610,922298.030,1399822.672,1000
engramdb,fork,1000,611,920126.045,1399822.672,1000
engramdb,fork,1000,612,923683.703,1399822.672,1000
engramdb,fork,1000,613,924950.870,1399822.672,1000
engramdb,fork,1000,614,925525.907,1399822.672,1000
engramdb,fork,1000,615,926930.385,1399822.672,1000
engramdb,fork,1000,616,926145.798,1399822.672,1000
engramdb,fork,1000,617,528317.771,1399822.672,1000
engramdb,fork,1000,618,927391.036,1399822.672,1000
engramdb,fork,1000,619,931064.051,1399822.672,1000
engramdb,fork,1000,620,927959.118,1399822.672,1000
engramdb,fork,1000,621,933789.900,1399822.672,1000
engramdb,fork,1000,622,938380.067,1399822.672,1000
engramdb,fork,1000,623,937176.929,1399822.672,1000
engramdb,fork,1000,624,940721.948,1399822.672,1000
engramdb,fork,1000,625,528801.396,1399822.672,1000
engramdb,fork,1000,626,942900.652,1399822.672,1000
engramdb,fork,1000,627,943829.455,1399822.672,1000
engramdb,fork,1000,628,945799.551,1399822.672,1000
engramdb,fork,1000,629,944981.462,1399822.672,1000
engramdb,fork,1000,630,946414.076,1399822.672,1000
engramdb,fork,1000,631,947271.151,1399822.672,1000
engramdb,fork,1000,632,947978.468,1399822.672,1000
engramdb,fork,1000,633,950882.077,1399822.672,1000
engramdb,fork,1000,634,953272.966,1399822.672,1000
engramdb,fork,1000,635,529317.010,1399822.672,1000
engramdb,fork,1000,636,955149.351,1399822.672,1000
engramdb,fork,1000,637,954292.139,1399822.672,1000
engramdb,fork,1000,638,955913.958,1399822.672,1000
engramdb,fork,1000,639,957555.646,1399822.672,1000
engramdb,fork,1000,640,956755.022,1399822.672,1000
engramdb,fork,1000,641,967009.673,1399822.672,1000
engramdb,fork,1000,642,967637.581,1399822.672,1000
engramdb,fork,1000,643,974415.393,1399822.672,1000
engramdb,fork,1000,644,960229.981,1399822.672,1000
engramdb,fork,1000,645,962738.604,1399822.672,1000
engramdb,fork,1000,646,532918.079,1399822.672,1000
engramdb,fork,1000,647,535550.169,1399822.672,1000
engramdb,fork,1000,648,533603.070,1399822.672,1000
engramdb,fork,1000,649,534967.202,1399822.672,1000
engramdb,fork,1000,650,965028.880,1399822.672,1000
engramdb,fork,1000,651,965752.752,1399822.672,1000
engramdb,fork,1000,652,966152.851,1399822.672,1000
engramdb,fork,1000,653,967887.949,1399822.672,1000
engramdb,fork,1000,654,969985.254,1399822.672,1000
engramdb,fork,1000,655,974900.180,1399822.672,1000
engramdb,fork,1000,656,972289.603,1399822.672,1000
engramdb,fork,1000,657,973470.638,1399822.672,1000
engramdb,fork,1000,658,975407.174,1399822.672,1000
engramdb,fork,1000,659,976427.980,1399822.672,1000
engramdb,fork,1000,660,977033.480,1399822.672,1000
engramdb,fork,1000,661,977514.092,1399822.672,1000
engramdb,fork,1000,662,980301.461,1399822.672,1000
engramdb,fork,1000,663,536124.468,1399822.672,1000
engramdb,fork,1000,664,983667.040,1399822.672,1000
engramdb,fork,1000,665,986126.635,1399822.672,1000
engramdb,fork,1000,666,987332.745,1399822.672,1000
engramdb,fork,1000,667,988165.994,1399822.672,1000
engramdb,fork,1000,668,993868.523,1399822.672,1000
engramdb,fork,1000,669,991634.711,1399822.672,1000
engramdb,fork,1000,670,541636.588,1399822.672,1000
engramdb,fork,1000,671,995586.543,1399822.672,1000
engramdb,fork,1000,672,996654.215,1399822.672,1000
engramdb,fork,1000,673,997324.201,1399822.672,1000
engramdb,fork,1000,674,998757.075,1399822.672,1000
engramdb,fork,1000,675,1001052.748,1399822.672,1000
engramdb,fork,1000,676,1002694.030,1399822.672,1000
engramdb,fork,1000,677,548388.331,1399822.672,1000
engramdb,fork,1000,678,1003482.030,1399822.672,1000
engramdb,fork,1000,679,1004502.761,1399822.672,1000
engramdb,fork,1000,680,1005049.919,1399822.672,1000
engramdb,fork,1000,681,1006403.813,1399822.672,1000
engramdb,fork,1000,682,1005743.164,1399822.672,1000
engramdb,fork,1000,683,1006995.019,1399822.672,1000
engramdb,fork,1000,684,1008978.401,1399822.672,1000
engramdb,fork,1000,685,554438.236,1399822.672,1000
engramdb,fork,1000,686,1007872.580,1399822.672,1000
engramdb,fork,1000,687,1009622.715,1399822.672,1000
engramdb,fork,1000,688,1010861.743,1399822.672,1000
engramdb,fork,1000,689,1010293.261,1399822.672,1000
engramdb,fork,1000,690,1011447.058,1399822.672,1000
engramdb,fork,1000,691,556938.668,1399822.672,1000
engramdb,fork,1000,692,1013213.052,1399822.672,1000
engramdb,fork,1000,693,1012202.562,1399822.672,1000
engramdb,fork,1000,694,1013657.537,1399822.672,1000
engramdb,fork,1000,695,1014901.154,1399822.672,1000
engramdb,fork,1000,696,1014270.567,1399822.672,1000
engramdb,fork,1000,697,1015781.920,1399822.672,1000
engramdb,fork,1000,698,1017386.425,1399822.672,1000
engramdb,fork,1000,699,1016636.246,1399822.672,1000
engramdb,fork,1000,700,1017757.973,1399822.672,1000
engramdb,fork,1000,701,1020014.207,1399822.672,1000
engramdb,fork,1000,702,1018425.159,1399822.672,1000
engramdb,fork,1000,703,1020620.627,1399822.672,1000
engramdb,fork,1000,704,1022008.073,1399822.672,1000
engramdb,fork,1000,705,1021398.772,1399822.672,1000
engramdb,fork,1000,706,1023409.355,1399822.672,1000
engramdb,fork,1000,707,1024384.207,1399822.672,1000
engramdb,fork,1000,708,558627.796,1399822.672,1000
engramdb,fork,1000,709,1025001.660,1399822.672,1000
engramdb,fork,1000,710,1026521.997,1399822.672,1000
engramdb,fork,1000,711,1025664.922,1399822.672,1000
engramdb,fork,1000,712,1027127.657,1399822.672,1000
engramdb,fork,1000,713,564923.253,1399822.672,1000
engramdb,fork,1000,714,1029365.061,1399822.672,1000
engramdb,fork,1000,715,1027620.759,1399822.672,1000
engramdb,fork,1000,716,1031215.187,1399822.672,1000
engramdb,fork,1000,717,568603.078,1399822.672,1000
engramdb,fork,1000,718,1039474.268,1399822.672,1000
engramdb,fork,1000,719,1033369.020,1399822.672,1000
engramdb,fork,1000,720,1037137.959,1399822.672,1000
engramdb,fork,1000,721,575219.956,1399822.672,1000
engramdb,fork,1000,722,1035236.188,1399822.672,1000
engramdb,fork,1000,723,1042430.529,1399822.672,1000
engramdb,fork,1000,724,578055.916,1399822.672,1000
engramdb,fork,1000,725,1044964.189,1399822.672,1000
engramdb,fork,1000,726,1045780.952,1399822.672,1000
engramdb,fork,1000,727,579957.888,1399822.672,1000
engramdb,fork,1000,728,1046823.723,1399822.672,1000
engramdb,fork,1000,729,1047453.024,1399822.672,1000
engramdb,fork,1000,730,585075.700,1399822.672,1000
engramdb,fork,1000,731,1050916.764,1399822.672,1000
engramdb,fork,1000,732,1053703.586,1399822.672,1000
engramdb,fork,1000,733,1054730.424,1399822.672,1000
engramdb,fork,1000,734,589626.658,1399822.672,1000
engramdb,fork,1000,735,1055477.882,1399822.672,1000
engramdb,fork,1000,736,1057319.694,1399822.672,1000
engramdb,fork,1000,737,1056592.786,1399822.672,1000
engramdb,fork,1000,738,598599.222,1399822.672,1000
engramdb,fork,1000,739,1059269.646,1399822.672,1000
engramdb,fork,1000,740,1064701.820,1399822.672,1000
engramdb,fork,1000,741,1062428.788,1399822.672,1000
engramdb,fork,1000,742,1065531.179,1399822.672,1000
engramdb,fork,1000,743,1066783.463,1399822.672,1000
engramdb,fork,1000,744,1066069.021,1399822.672,1000
engramdb,fork,1000,745,1067412.705,1399822.672,1000
engramdb,fork,1000,746,1072904.414,1399822.672,1000
engramdb,fork,1000,747,600893.858,1399822.672,1000
engramdb,fork,1000,748,1070160.314,1399822.672,1000
engramdb,fork,1000,749,1073827.197,1399822.672,1000
engramdb,fork,1000,750,1075828.892,1399822.672,1000
engramdb,fork,1000,751,1074633.806,1399822.672,1000
engramdb,fork,1000,752,1076471.381,1399822.672,1000
engramdb,fork,1000,753,1088442.436,1399822.672,1000
engramdb,fork,1000,754,1077267.602,1399822.672,1000
engramdb,fork,1000,755,1083496.253,1399822.672,1000
engramdb,fork,1000,756,1086740.223,1399822.672,1000
engramdb,fork,1000,757,1080059.656,1399822.672,1000
engramdb,fork,1000,758,1094188.255,1399822.672,1000
engramdb,fork,1000,759,1091630.554,1399822.672,1000
engramdb,fork,1000,760,1095638.601,1399822.672,1000
engramdb,fork,1000,761,1104397.600,1399822.672,1000
engramdb,fork,1000,762,605104.490,1399822.672,1000
engramdb,fork,1000,763,1096895.100,1399822.672,1000
engramdb,fork,1000,764,1097952.842,1399822.672,1000
engramdb,fork,1000,765,1100593.787,1399822.672,1000
engramdb,fork,1000,766,1103120.157,1399822.672,1000
engramdb,fork,1000,767,1105030.788,1399822.672,1000
engramdb,fork,1000,768,1106475.286,1399822.672,1000
engramdb,fork,1000,769,1105706.859,1399822.672,1000
engramdb,fork,1000,770,1107058.573,1399822.672,1000
engramdb,fork,1000,771,1111104.761,1399822.672,1000
engramdb,fork,1000,772,1108570.962,1399822.672,1000
engramdb,fork,1000,773,1112846.582,1399822.672,1000
engramdb,fork,1000,774,1114395.620,1399822.672,1000
engramdb,fork,1000,775,1113653.421,1399822.672,1000
engramdb,fork,1000,776,607343.798,1399822.672,1000
engramdb,fork,1000,777,1115114.141,1399822.672,1000
engramdb,fork,1000,778,1116715.844,1399822.672,1000
engramdb,fork,1000,779,610797.379,1399822.672,1000
engramdb,fork,1000,780,1115858.603,1399822.672,1000
engramdb,fork,1000,781,608595.924,1399822.672,1000
engramdb,fork,1000,782,614410.754,1399822.672,1000
engramdb,fork,1000,783,616107.255,1399822.672,1000
engramdb,fork,1000,784,621585.577,1399822.672,1000
engramdb,fork,1000,785,1117345.617,1399822.672,1000
engramdb,fork,1000,786,1120671.450,1399822.672,1000
engramdb,fork,1000,787,1123338.146,1399822.672,1000
engramdb,fork,1000,788,1125968.982,1399822.672,1000
engramdb,fork,1000,789,1125156.619,1399822.672,1000
engramdb,fork,1000,790,1126612.394,1399822.672,1000
engramdb,fork,1000,791,1128595.907,1399822.672,1000
engramdb,fork,1000,792,618544.999,1399822.672,1000
engramdb,fork,1000,793,1127150.442,1399822.672,1000
engramdb,fork,1000,794,1130854.017,1399822.672,1000
engramdb,fork,1000,795,1133288.683,1399822.672,1000
engramdb,fork,1000,796,1135566.392,1399822.672,1000
engramdb,fork,1000,797,1137140.543,1399822.672,1000
engramdb,fork,1000,798,1139388.410,1399822.672,1000
engramdb,fork,1000,799,1144851.588,1399822.672,1000
engramdb,fork,1000,800,1142548.198,1399822.672,1000
engramdb,fork,1000,801,1145672.651,1399822.672,1000
engramdb,fork,1000,802,1147801.283,1399822.672,1000
engramdb,fork,1000,803,1146878.059,1399822.672,1000
engramdb,fork,1000,804,1150050.685,1399822.672,1000
engramdb,fork,1000,805,1153842.614,1399822.672,1000
engramdb,fork,1000,806,1153064.444,1399822.672,1000
engramdb,fork,1000,807,626590.871,1399822.672,1000
engramdb,fork,1000,808,1154324.075,1399822.672,1000
engramdb,fork,1000,809,1156503.917,1399822.672,1000
engramdb,fork,1000,810,1155140.781,1399822.672,1000
engramdb,fork,1000,811,1157017.493,1399822.672,1000
engramdb,fork,1000,812,1162177.597,1399822.672,1000
engramdb,fork,1000,813,1159536.852,1399822.672,1000
engramdb,fork,1000,814,1163658.688,1399822.672,1000
engramdb,fork,1000,815,627145.663,1399822.672,1000
engramdb,fork,1000,816,1165647.090,1399822.672,1000
engramdb,fork,1000,817,1164890.472,1399822.672,1000
engramdb,fork,1000,818,1166256.559,1399822.672,1000
engramdb,fork,1000,819,1168345.435,1399822.672,1000
engramdb,fork,1000,820,1166913.630,1399822.672,1000
engramdb,fork,1000,821,1170397.711,1399822.672,1000
engramdb,fork,1000,822,1172948.482,1399822.672,1000
engramdb,fork,1000,823,1171885.477,1399822.672,1000
engramdb,fork,1000,824,1173408.924,1399822.672,1000
engramdb,fork,1000,825,1174240.125,1399822.672,1000
engramdb,fork,1000,826,1174843.509,1399822.672,1000
engramdb,fork,1000,827,1176851.855,1399822.672,1000
engramdb,fork,1000,828,1175638.154,1399822.672,1000
engramdb,fork,1000,829,627799.617,1399822.672,1000
engramdb,fork,1000,830,1177913.657,1399822.672,1000
engramdb,fork,1000,831,1181153.767,1399822.672,1000
engramdb,fork,1000,832,1184128.524,1399822.672,1000
engramdb,fork,1000,833,1188090.106,1399822.672,1000
engramdb,fork,1000,834,1186626.473,1399822.672,1000
engramdb,fork,1000,835,1190702.961,1399822.672,1000
engramdb,fork,1000,836,1195223.033,1399822.672,1000
engramdb,fork,1000,837,1193591.035,1399822.672,1000
engramdb,fork,1000,838,1195960.002,1399822.672,1000
engramdb,fork,1000,839,1198345.753,1399822.672,1000
engramdb,fork,1000,840,1196742.807,1399822.672,1000
engramdb,fork,1000,841,1200458.361,1399822.672,1000
engramdb,fork,1000,842,1202304.071,1399822.672,1000
engramdb,fork,1000,843,628412.283,1399822.672,1000
engramdb,fork,1000,844,1203223.869,1399822.672,1000
engramdb,fork,1000,845,1205386.773,1399822.672,1000
engramdb,fork,1000,846,1204574.323,1399822.672,1000
engramdb,fork,1000,847,1206029.775,1399822.672,1000
engramdb,fork,1000,848,1207416.170,1399822.672,1000
engramdb,fork,1000,849,1206643.102,1399822.672,1000
engramdb,fork,1000,850,1209733.463,1399822.672,1000
engramdb,fork,1000,851,1212082.175,1399822.672,1000
engramdb,fork,1000,852,1212702.125,1399822.672,1000
engramdb,fork,1000,853,1213516.114,1399822.672,1000
engramdb,fork,1000,854,629574.940,1399822.672,1000
engramdb,fork,1000,855,1213967.544,1399822.672,1000
engramdb,fork,1000,856,1214840.713,1399822.672,1000
engramdb,fork,1000,857,1215330.248,1399822.672,1000
engramdb,fork,1000,858,1215943.404,1399822.672,1000
engramdb,fork,1000,859,1216499.948,1399822.672,1000
engramdb,fork,1000,860,1220710.535,1399822.672,1000
engramdb,fork,1000,861,1217015.783,1399822.672,1000
engramdb,fork,1000,862,1223839.969,1399822.672,1000
engramdb,fork,1000,863,1225737.844,1399822.672,1000
engramdb,fork,1000,864,1226266.525,1399822.672,1000
engramdb,fork,1000,865,1228864.110,1399822.672,1000
engramdb,fork,1000,866,1226762.233,1399822.672,1000
engramdb,fork,1000,867,1231592.928,1399822.672,1000
engramdb,fork,1000,868,1236913.093,1399822.672,1000
engramdb,fork,1000,869,1235119.751,1399822.672,1000
engramdb,fork,1000,870,633002.009,1399822.672,1000
engramdb,fork,1000,871,1246346.071,1399822.672,1000
engramdb,fork,1000,872,1240376.063,1399822.672,1000
engramdb,fork,1000,873,1245702.614,1399822.672,1000
engramdb,fork,1000,874,1243472.296,1399822.672,1000
engramdb,fork,1000,875,1247431.703,1399822.672,1000
engramdb,fork,1000,876,1246840.878,1399822.672,1000
engramdb,fork,1000,877,1249886.268,1399822.672,1000
engramdb,fork,1000,878,1252667.288,1399822.672,1000
engramdb,fork,1000,879,1251905.218,1399822.672,1000
engramdb,fork,1000,880,1253163.858,1399822.672,1000
engramdb,fork,1000,881,1253651.291,1399822.672,1000
engramdb,fork,1000,882,1254325.965,1399822.672,1000
engramdb,fork,1000,883,635811.472,1399822.672,1000
engramdb,fork,1000,884,1256051.930,1399822.672,1000
engramdb,fork,1000,885,1255004.871,1399822.672,1000
engramdb,fork,1000,886,1256675.509,1399822.672,1000
engramdb,fork,1000,887,1260527.197,1399822.672,1000
engramdb,fork,1000,888,1257357.503,1399822.672,1000
engramdb,fork,1000,889,1263440.646,1399822.672,1000
engramdb,fork,1000,890,1265177.893,1399822.672,1000
engramdb,fork,1000,891,1265701.666,1399822.672,1000
engramdb,fork,1000,892,1267431.098,1399822.672,1000
engramdb,fork,1000,893,1266327.484,1399822.672,1000
engramdb,fork,1000,894,638309.006,1399822.672,1000
engramdb,fork,1000,895,1269697.332,1399822.672,1000
engramdb,fork,1000,896,1273052.422,1399822.672,1000
engramdb,fork,1000,897,1272039.739,1399822.672,1000
engramdb,fork,1000,898,1273712.191,1399822.672,1000
engramdb,fork,1000,899,1274569.748,1399822.672,1000
engramdb,fork,1000,900,1275208.028,1399822.672,1000
engramdb,fork,1000,901,1276738.896,1399822.672,1000
engramdb,fork,1000,902,1276080.335,1399822.672,1000
engramdb,fork,1000,903,1277126.537,1399822.672,1000
engramdb,fork,1000,904,639280.554,1399822.672,1000
engramdb,fork,1000,905,1277642.522,1399822.672,1000
engramdb,fork,1000,906,1278259.205,1399822.672,1000
engramdb,fork,1000,907,1280453.434,1399822.672,1000
engramdb,fork,1000,908,1279439.009,1399822.672,1000
engramdb,fork,1000,909,1281151.661,1399822.672,1000
engramdb,fork,1000,910,1282427.678,1399822.672,1000
engramdb,fork,1000,911,1281741.677,1399822.672,1000
engramdb,fork,1000,912,1283087.054,1399822.672,1000
engramdb,fork,1000,913,1284447.468,1399822.672,1000
engramdb,fork,1000,914,1283797.414,1399822.672,1000
engramdb,fork,1000,915,1285017.948,1399822.672,1000
engramdb,fork,1000,916,1285634.858,1399822.672,1000
engramdb,fork,1000,917,1286248.161,1399822.672,1000
engramdb,fork,1000,918,642877.493,1399822.672,1000
engramdb,fork,1000,919,1288971.656,1399822.672,1000
engramdb,fork,1000,920,1286734.676,1399822.672,1000
engramdb,fork,1000,921,1289996.350,1399822.672,1000
engramdb,fork,1000,922,1287326.122,1399822.672,1000
engramdb,fork,1000,923,1290825.820,1399822.672,1000
engramdb,fork,1000,924,1291455.058,1399822.672,1000
engramdb,fork,1000,925,1292933.863,1399822.672,1000
engramdb,fork,1000,926,1292081.009,1399822.672,1000
engramdb,fork,1000,927,646003.701,1399822.672,1000
engramdb,fork,1000,928,1293440.187,1399822.672,1000
engramdb,fork,1000,929,1293999.582,1399822.672,1000
engramdb,fork,1000,930,1294596.710,1399822.672,1000
engramdb,fork,1000,931,1295604.400,1399822.672,1000
engramdb,fork,1000,932,1296084.483,1399822.672,1000
engramdb,fork,1000,933,1296676.805,1399822.672,1000
engramdb,fork,1000,934,1297215.504,1399822.672,1000
engramdb,fork,1000,935,1297876.685,1399822.672,1000
engramdb,fork,1000,936,1299086.667,1399822.672,1000
engramdb,fork,1000,937,648373.430,1399822.672,1000
engramdb,fork,1000,938,1300660.339,1399822.672,1000
engramdb,fork,1000,939,1299625.517,1399822.672,1000
engramdb,fork,1000,940,1301246.204,1399822.672,1000
engramdb,fork,1000,941,1302520.761,1399822.672,1000
engramdb,fork,1000,942,1301907.905,1399822.672,1000
engramdb,fork,1000,943,1303100.779,1399822.672,1000
engramdb,fork,1000,944,1304504.859,1399822.672,1000
engramdb,fork,1000,945,1303885.054,1399822.672,1000
engramdb,fork,1000,946,1305004.905,1399822.672,1000
engramdb,fork,1000,947,1306257.685,1399822.672,1000
engramdb,fork,1000,948,649704.444,1399822.672,1000
engramdb,fork,1000,949,1305594.462,1399822.672,1000
engramdb,fork,1000,950,1307076.035,1399822.672,1000
engramdb,fork,1000,951,1312209.309,1399822.672,1000
engramdb,fork,1000,952,1309580.482,1399822.672,1000
engramdb,fork,1000,953,1312927.400,1399822.672,1000
engramdb,fork,1000,954,1313704.137,1399822.672,1000
engramdb,fork,1000,955,1314490.025,1399822.672,1000
engramdb,fork,1000,956,1315530.749,1399822.672,1000
engramdb,fork,1000,957,1316100.284,1399822.672,1000
engramdb,fork,1000,958,653142.311,1399822.672,1000
engramdb,fork,1000,959,1316635.223,1399822.672,1000
engramdb,fork,1000,960,1317541.203,1399822.672,1000
engramdb,fork,1000,961,1321718.370,1399822.672,1000
engramdb,fork,1000,962,1320182.615,1399822.672,1000
engramdb,fork,1000,963,1322573.931,1399822.672,1000
engramdb,fork,1000,964,1323482.682,1399822.672,1000
engramdb,fork,1000,965,1324095.002,1399822.672,1000
engramdb,fork,1000,966,1324733.721,1399822.672,1000
engramdb,fork,1000,967,1325181.353,1399822.672,1000
engramdb,fork,1000,968,1325827.539,1399822.672,1000
engramdb,fork,1000,969,1326458.295,1399822.672,1000
engramdb,fork,1000,970,1327059.990,1399822.672,1000
engramdb,fork,1000,971,1327587.741,1399822.672,1000
engramdb,fork,1000,972,1328209.209,1399822.672,1000
engramdb,fork,1000,973,655817.839,1399822.672,1000
engramdb,fork,1000,974,1328851.371,1399822.672,1000
engramdb,fork,1000,975,1329356.413,1399822.672,1000
engramdb,fork,1000,976,1329985.950,1399822.672,1000
engramdb,fork,1000,977,1330351.759,1399822.672,1000
engramdb,fork,1000,978,1330972.547,1399822.672,1000
engramdb,fork,1000,979,1331958.354,1399822.672,1000
engramdb,fork,1000,980,1332410.018,1399822.672,1000
engramdb,fork,1000,981,1333578.981,1399822.672,1000
engramdb,fork,1000,982,1333079.012,1399822.672,1000
engramdb,fork,1000,983,1334352.490,1399822.672,1000
engramdb,fork,1000,984,1336406.299,1399822.672,1000
engramdb,fork,1000,985,1335576.557,1399822.672,1000
engramdb,fork,1000,986,1337606.990,1399822.672,1000
engramdb,fork,1000,987,1345439.380,1399822.672,1000
engramdb,fork,1000,988,1341720.978,1399822.672,1000
engramdb,fork,1000,989,868184.626,1399822.672,1000
engramdb,fork,1000,990,1345956.663,1399822.672,1000
engramdb,fork,1000,991,1351162.060,1399822.672,1000
engramdb,fork,1000,992,1346617.803,1399822.672,1000
engramdb,fork,1000,993,1355105.371,1399822.672,1000
engramdb,fork,1000,994,1357815.913,1399822.672,1000
engramdb,fork,1000,995,1356386.662,1399822.672,1000
engramdb,fork,1000,996,1361109.868,1399822.672,1000
engramdb,fork,1000,997,1363104.205,1399822.672,1000
engramdb,fork,1000,998,1364800.882,1399822.672,1000
engramdb,fork,1000,999,3094.962,1399822.672,1000
