dataset,oracle,query,k,intersection,recall,approximate_us,exact_us,nodes,dimensions,ef_search
SIFT1M,official-fp32-groundtruth,0,10,10,1.000000,55053.698,0.000,1000000,128,4096
SIFT1M,official-fp32-groundtruth,1,10,10,1.000000,47502.488,0.000,1000000,128,4096
SIFT1M,official-fp32-groundtruth,2,10,10,1.000000,47758.960,0.000,1000000,128,4096
SIFT1M,official-fp32-groundtruth,3,10,10,1.000000,38547.102,0.000,1000000,128,4096
SIFT1M,official-fp32-groundtruth,4,10,10,1.000000,52594.957,0.000,1000000,128,4096
SIFT1M,official-fp32-groundtruth,5,10,10,1.000000,63971.164,0.000,1000000,128,4096
SIFT1M,official-fp32-groundtruth,6,10,10,1.000000,55505.962,0.000,1000000,128,4096
SIFT1M,official-fp32-groundtruth,7,10,10,1.000000,35093.517,0.000,1000000,128,4096
SIFT1M,official-fp32-groundtruth,8,10,10,1.000000,66611.689,0.000,1000000,128,4096
SIFT1M,official-fp32-groundtruth,9,10,10,1.000000,48592.157,0.000,1000000,128,4096
SIFT1M,official-fp32-groundtruth,10,10,10,1.000000,66531.462,0.000,1000000,128,4096
SIFT1M,official-fp32-groundtruth,11,10,10,1.000000,40536.129,0.000,1000000,128,4096
SIFT1M,official-fp32-groundtruth,12,10,9,0.900000,47328.728,0.000,1000000,128,4096
SIFT1M,official-fp32-groundtruth,13,10,10,1.000000,51044.614,0.000,1000000,128,4096
SIFT1M,official-fp32-groundtruth,14,10,10,1.000000,64055.990,0.000,1000000,128,4096
SIFT1M,official-fp32-groundtruth,15,10,9,0.900000,71008.793,0.000,1000000,128,4096
SIFT1M,official-fp32-groundtruth,16,10,10,1.000000,99761.288,0.000,1000000,128,4096
SIFT1M,official-fp32-groundtruth,17,10,9,0.900000,58774.136,0.000,1000000,128,4096
SIFT1M,official-fp32-groundtruth,18,10,10,1.000000,55415.625,0.000,1000000,128,4096
SIFT1M,official-fp32-groundtruth,19,10,9,0.900000,42850.966,0.000,1000000,128,4096
SIFT1M,official-fp32-groundtruth,20,10,10,1.000000,34599.731,0.000,1000000,128,4096
SIFT1M,official-fp32-groundtruth,21,10,10,1.000000,63614.042,0.000,1000000,128,4096
SIFT1M,official-fp32-groundtruth,22,10,10,1.000000,76140.181,0.000,1000000,128,4096
SIFT1M,official-fp32-groundtruth,23,10,9,0.900000,79638.801,0.000,1000000,128,4096
SIFT1M,official-fp32-groundtruth,24,10,10,1.000000,54639.006,0.000,1000000,128,4096
SIFT1M,official-fp32-groundtruth,25,10,10,1.000000,52481.154,0.000,1000000,128,4096
SIFT1M,official-fp32-groundtruth,26,10,10,1.000000,74430.005,0.000,1000000,128,4096
SIFT1M,official-fp32-groundtruth,27,10,9,0.900000,44855.752,0.000,1000000,128,4096
SIFT1M,official-fp32-groundtruth,28,10,10,1.000000,42932.310,0.000,1000000,128,4096
SIFT1M,official-fp32-groundtruth,29,10,10,1.000000,30557.608,0.000,1000000,128,4096
SIFT1M,official-fp32-groundtruth,30,10,10,1.000000,78336.587,0.000,1000000,128,4096
SIFT1M,official-fp32-groundtruth,31,10,10,1.000000,53550.491,0.000,1000000,128,4096
SIFT1M,official-fp32-groundtruth,32,10,9,0.900000,72838.164,0.000,1000000,128,4096
SIFT1M,official-fp32-groundtruth,33,10,10,1.000000,48894.550,0.000,1000000,128,4096
SIFT1M,official-fp32-groundtruth,34,10,10,1.000000,51783.669,0.000,1000000,128,4096
SIFT1M,official-fp32-groundtruth,35,10,10,1.000000,53290.628,0.000,1000000,128,4096
SIFT1M,official-fp32-groundtruth,36,10,10,1.000000,108311.887,0.000,1000000,128,4096
SIFT1M,official-fp32-groundtruth,37,10,10,1.000000,45328.107,0.000,1000000,128,4096
SIFT1M,official-fp32-groundtruth,38,10,10,1.000000,59036.879,0.000,1000000,128,4096
SIFT1M,official-fp32-groundtruth,39,10,9,0.900000,41962.529,0.000,1000000,128,4096
SIFT1M,official-fp32-groundtruth,40,10,10,1.000000,56992.227,0.000,1000000,128,4096
SIFT1M,official-fp32-groundtruth,41,10,10,1.000000,36148.852,0.000,1000000,128,4096
SIFT1M,official-fp32-groundtruth,42,10,10,1.000000,64194.956,0.000,1000000,128,4096
SIFT1M,official-fp32-groundtruth,43,10,9,0.900000,81242.330,0.000,1000000,128,4096
SIFT1M,official-fp32-groundtruth,44,10,9,0.900000,40432.849,0.000,1000000,128,4096
SIFT1M,official-fp32-groundtruth,45,10,10,1.000000,44462.734,0.000,1000000,128,4096
SIFT1M,official-fp32-groundtruth,46,10,9,0.900000,42562.932,0.000,1000000,128,4096
SIFT1M,official-fp32-groundtruth,47,10,10,1.000000,86883.652,0.000,1000000,128,4096
SIFT1M,official-fp32-groundtruth,48,10,10,1.000000,57877.671,0.000,1000000,128,4096
SIFT1M,official-fp32-groundtruth,49,10,9,0.900000,45055.643,0.000,1000000,128,4096
SIFT1M,official-fp32-groundtruth,50,10,10,1.000000,51719.206,0.000,1000000,128,4096
SIFT1M,official-fp32-groundtruth,51,10,9,0.900000,41165.690,0.000,1000000,128,4096
SIFT1M,official-fp32-groundtruth,52,10,10,1.000000,52527.761,0.000,1000000,128,4096
SIFT1M,official-fp32-groundtruth,53,10,10,1.000000,53164.646,0.000,1000000,128,4096
SIFT1M,official-fp32-groundtruth,54,10,9,0.900000,24386.126,0.000,1000000,128,4096
SIFT1M,official-fp32-groundtruth,55,10,10,1.000000,40076.732,0.000,1000000,128,4096
SIFT1M,official-fp32-groundtruth,56,10,9,0.900000,69062.894,0.000,1000000,128,4096
SIFT1M,official-fp32-groundtruth,57,10,9,0.900000,162773.908,0.000,1000000,128,4096
SIFT1M,official-fp32-groundtruth,58,10,10,1.000000,72699.331,0.000,1000000,128,4096
SIFT1M,official-fp32-groundtruth,59,10,10,1.000000,39867.109,0.000,1000000,128,4096
SIFT1M,official-fp32-groundtruth,60,10,10,1.000000,65274.835,0.000,1000000,128,4096
SIFT1M,official-fp32-groundtruth,61,10,10,1.000000,34267.396,0.000,1000000,128,4096
SIFT1M,official-fp32-groundtruth,62,10,9,0.900000,51206.687,0.000,1000000,128,4096
SIFT1M,official-fp32-groundtruth,63,10,10,1.000000,49534.279,0.000,1000000,128,4096
SIFT1M,official-fp32-groundtruth,64,10,10,1.000000,93821.482,0.000,1000000,128,4096
SIFT1M,official-fp32-groundtruth,65,10,10,1.000000,39235.253,0.000,1000000,128,4096
SIFT1M,official-fp32-groundtruth,66,10,10,1.000000,45534.743,0.000,1000000,128,4096
SIFT1M,official-fp32-groundtruth,67,10,10,1.000000,44666.145,0.000,1000000,128,4096
SIFT1M,official-fp32-groundtruth,68,10,10,1.000000,53556.933,0.000,1000000,128,4096
SIFT1M,official-fp32-groundtruth,69,10,10,1.000000,49548.522,0.000,1000000,128,4096
SIFT1M,official-fp32-groundtruth,70,10,9,0.900000,21292.300,0.000,1000000,128,4096
SIFT1M,official-fp32-groundtruth,71,10,10,1.000000,35799.959,0.000,1000000,128,4096
SIFT1M,official-fp32-groundtruth,72,10,10,1.000000,68544.482,0.000,1000000,128,4096
SIFT1M,official-fp32-groundtruth,73,10,10,1.000000,47415.350,0.000,1000000,128,4096
SIFT1M,official-fp32-groundtruth,74,10,10,1.000000,60966.959,0.000,1000000,128,4096
SIFT1M,official-fp32-groundtruth,75,10,10,1.000000,65358.041,0.000,1000000,128,4096
SIFT1M,official-fp32-groundtruth,76,10,9,0.900000,48809.850,0.000,1000000,128,4096
SIFT1M,official-fp32-groundtruth,77,10,10,1.000000,58727.531,0.000,1000000,128,4096
SIFT1M,official-fp32-groundtruth,78,10,10,1.000000,73586.643,0.000,1000000,128,4096
SIFT1M,official-fp32-groundtruth,79,10,10,1.000000,31294.733,0.000,1000000,128,4096
SIFT1M,official-fp32-groundtruth,80,10,10,1.000000,44810.049,0.000,1000000,128,4096
SIFT1M,official-fp32-groundtruth,81,10,10,1.000000,82501.136,0.000,1000000,128,4096
SIFT1M,official-fp32-groundtruth,82,10,9,0.900000,116975.255,0.000,1000000,128,4096
SIFT1M,official-fp32-groundtruth,83,10,10,1.000000,43750.557,0.000,1000000,128,4096
SIFT1M,official-fp32-groundtruth,84,10,9,0.900000,73847.582,0.000,1000000,128,4096
SIFT1M,official-fp32-groundtruth,85,10,10,1.000000,77350.399,0.000,1000000,128,4096
SIFT1M,official-fp32-groundtruth,86,10,10,1.000000,35103.055,0.000,1000000,128,4096
SIFT1M,official-fp32-groundtruth,87,10,10,1.000000,38504.996,0.000,1000000,128,4096
SIFT1M,official-fp32-groundtruth,88,10,10,1.000000,48776.846,0.000,1000000,128,4096
SIFT1M,official-fp32-groundtruth,89,10,10,1.000000,39474.763,0.000,1000000,128,4096
SIFT1M,official-fp32-groundtruth,90,10,9,0.900000,33829.778,0.000,1000000,128,4096
SIFT1M,official-fp32-groundtruth,91,10,10,1.000000,41435.766,0.000,1000000,128,4096
SIFT1M,official-fp32-groundtruth,92,10,10,1.000000,50701.191,0.000,1000000,128,4096
SIFT1M,official-fp32-groundtruth,93,10,9,0.900000,39399.353,0.000,1000000,128,4096
SIFT1M,official-fp32-groundtruth,94,10,10,1.000000,29178.474,0.000,1000000,128,4096
SIFT1M,official-fp32-groundtruth,95,10,10,1.000000,49060.532,0.000,1000000,128,4096
SIFT1M,official-fp32-groundtruth,96,10,10,1.000000,52835.685,0.000,1000000,128,4096
SIFT1M,official-fp32-groundtruth,97,10,10,1.000000,50899.002,0.000,1000000,128,4096
SIFT1M,official-fp32-groundtruth,98,10,10,1.000000,23457.798,0.000,1000000,128,4096
SIFT1M,official-fp32-groundtruth,99,10,10,1.000000,49765.362,0.000,1000000,128,4096
SIFT1M,official-fp32-groundtruth,100,10,10,1.000000,45901.209,0.000,1000000,128,4096
SIFT1M,official-fp32-groundtruth,101,10,10,1.000000,40369.699,0.000,1000000,128,4096
SIFT1M,official-fp32-groundtruth,102,10,9,0.900000,52023.463,0.000,1000000,128,4096
SIFT1M,official-fp32-groundtruth,103,10,9,0.900000,44599.748,0.000,1000000,128,4096
SIFT1M,official-fp32-groundtruth,104,10,10,1.000000,34242.780,0.000,1000000,128,4096
SIFT1M,official-fp32-groundtruth,105,10,10,1.000000,38147.936,0.000,1000000,128,4096
SIFT1M,official-fp32-groundtruth,106,10,10,1.000000,33698.211,0.000,1000000,128,4096
SIFT1M,official-fp32-groundtruth,107,10,10,1.000000,29247.594,0.000,1000000,128,4096
SIFT1M,official-fp32-groundtruth,108,10,10,1.000000,27310.687,0.000,1000000,128,4096
SIFT1M,official-fp32-groundtruth,109,10,10,1.000000,43583.017,0.000,1000000,128,4096
SIFT1M,official-fp32-groundtruth,110,10,9,0.900000,32176.608,0.000,1000000,128,4096
SIFT1M,official-fp32-groundtruth,111,10,10,1.000000,77497.858,0.000,1000000,128,4096
SIFT1M,official-fp32-groundtruth,112,10,10,1.000000,49431.953,0.000,1000000,128,4096
SIFT1M,official-fp32-groundtruth,113,10,10,1.000000,67730.745,0.000,1000000,128,4096
SIFT1M,official-fp32-groundtruth,114,10,10,1.000000,39611.275,0.000,1000000,128,4096
SIFT1M,official-fp32-groundtruth,115,10,10,1.000000,52293.291,0.000,1000000,128,4096
SIFT1M,official-fp32-groundtruth,116,10,9,0.900000,20564.586,0.000,1000000,128,4096
SIFT1M,official-fp32-groundtruth,117,10,10,1.000000,65940.954,0.000,1000000,128,4096
SIFT1M,official-fp32-groundtruth,118,10,10,1.000000,48655.804,0.000,1000000,128,4096
SIFT1M,official-fp32-groundtruth,119,10,10,1.000000,32933.389,0.000,1000000,128,4096
SIFT1M,official-fp32-groundtruth,120,10,10,1.000000,62792.008,0.000,1000000,128,4096
SIFT1M,official-fp32-groundtruth,121,10,10,1.000000,48484.745,0.000,1000000,128,4096
SIFT1M,official-fp32-groundtruth,122,10,10,1.000000,54689.636,0.000,1000000,128,4096
SIFT1M,official-fp32-groundtruth,123,10,10,1.000000,35477.563,0.000,1000000,128,4096
SIFT1M,official-fp32-groundtruth,124,10,9,0.900000,38359.209,0.000,1000000,128,4096
SIFT1M,official-fp32-groundtruth,125,10,10,1.000000,45415.461,0.000,1000000,128,4096
SIFT1M,official-fp32-groundtruth,126,10,10,1.000000,63655.487,0.000,1000000,128,4096
SIFT1M,official-fp32-groundtruth,127,10,10,1.000000,50559.447,0.000,1000000,128,4096
SIFT1M,official-fp32-groundtruth,128,10,10,1.000000,58235.365,0.000,1000000,128,4096
SIFT1M,official-fp32-groundtruth,129,10,10,1.000000,46105.359,0.000,1000000,128,4096
SIFT1M,official-fp32-groundtruth,130,10,10,1.000000,58178.830,0.000,1000000,128,4096
SIFT1M,official-fp32-groundtruth,131,10,10,1.000000,47911.872,0.000,1000000,128,4096
SIFT1M,official-fp32-groundtruth,132,10,10,1.000000,65214.715,0.000,1000000,128,4096
SIFT1M,official-fp32-groundtruth,133,10,10,1.000000,64804.682,0.000,1000000,128,4096
SIFT1M,official-fp32-groundtruth,134,10,10,1.000000,26182.527,0.000,1000000,128,4096
SIFT1M,official-fp32-groundtruth,135,10,10,1.000000,49850.734,0.000,1000000,128,4096
SIFT1M,official-fp32-groundtruth,136,10,10,1.000000,48823.625,0.000,1000000,128,4096
SIFT1M,official-fp32-groundtruth,137,10,10,1.000000,65159.017,0.000,1000000,128,4096
SIFT1M,official-fp32-groundtruth,138,10,9,0.900000,76270.793,0.000,1000000,128,4096
SIFT1M,official-fp32-groundtruth,139,10,10,1.000000,60633.120,0.000,1000000,128,4096
SIFT1M,official-fp32-groundtruth,140,10,10,1.000000,75671.801,0.000,1000000,128,4096
SIFT1M,official-fp32-groundtruth,141,10,10,1.000000,49706.313,0.000,1000000,128,4096
SIFT1M,official-fp32-groundtruth,142,10,10,1.000000,83352.177,0.000,1000000,128,4096
SIFT1M,official-fp32-groundtruth,143,10,10,1.000000,53066.472,0.000,1000000,128,4096
SIFT1M,official-fp32-groundtruth,144,10,10,1.000000,73263.034,0.000,1000000,128,4096
SIFT1M,official-fp32-groundtruth,145,10,10,1.000000,33219.803,0.000,1000000,128,4096
SIFT1M,official-fp32-groundtruth,146,10,10,1.000000,49100.715,0.000,1000000,128,4096
SIFT1M,official-fp32-groundtruth,147,10,10,1.000000,42364.153,0.000,1000000,128,4096
SIFT1M,official-fp32-groundtruth,148,10,9,0.900000,71404.769,0.000,1000000,128,4096
SIFT1M,official-fp32-groundtruth,149,10,10,1.000000,119438.458,0.000,1000000,128,4096
SIFT1M,official-fp32-groundtruth,150,10,10,1.000000,52066.838,0.000,1000000,128,4096
SIFT1M,official-fp32-groundtruth,151,10,10,1.000000,23936.577,0.000,1000000,128,4096
SIFT1M,official-fp32-groundtruth,152,10,10,1.000000,51230.791,0.000,1000000,128,4096
SIFT1M,official-fp32-groundtruth,153,10,10,1.000000,47223.361,0.000,1000000,128,4096
SIFT1M,official-fp32-groundtruth,154,10,10,1.000000,66582.316,0.000,1000000,128,4096
SIFT1M,official-fp32-groundtruth,155,10,10,1.000000,54065.539,0.000,1000000,128,4096
SIFT1M,official-fp32-groundtruth,156,10,10,1.000000,54510.114,0.000,1000000,128,4096
SIFT1M,official-fp32-groundtruth,157,10,10,1.000000,64997.668,0.000,1000000,128,4096
SIFT1M,official-fp32-groundtruth,158,10,10,1.000000,61498.865,0.000,1000000,128,4096
SIFT1M,official-fp32-groundtruth,159,10,10,1.000000,81593.120,0.000,1000000,128,4096
SIFT1M,official-fp32-groundtruth,160,10,10,1.000000,74899.052,0.000,1000000,128,4096
SIFT1M,official-fp32-groundtruth,161,10,9,0.900000,69115.840,0.000,1000000,128,4096
SIFT1M,official-fp32-groundtruth,162,10,9,0.900000,75339.976,0.000,1000000,128,4096
SIFT1M,official-fp32-groundtruth,163,10,9,0.900000,69117.082,0.000,1000000,128,4096
SIFT1M,official-fp32-groundtruth,164,10,10,1.000000,51647.432,0.000,1000000,128,4096
SIFT1M,official-fp32-groundtruth,165,10,10,1.000000,51651.281,0.000,1000000,128,4096
SIFT1M,official-fp32-groundtruth,166,10,10,1.000000,62175.086,0.000,1000000,128,4096
SIFT1M,official-fp32-groundtruth,167,10,10,1.000000,80019.636,0.000,1000000,128,4096
SIFT1M,official-fp32-groundtruth,168,10,10,1.000000,51506.073,0.000,1000000,128,4096
SIFT1M,official-fp32-groundtruth,169,10,10,1.000000,52857.612,0.000,1000000,128,4096
SIFT1M,official-fp32-groundtruth,170,10,9,0.900000,48632.868,0.000,1000000,128,4096
SIFT1M,official-fp32-groundtruth,171,10,10,1.000000,48225.219,0.000,1000000,128,4096
SIFT1M,official-fp32-groundtruth,172,10,9,0.900000,54018.712,0.000,1000000,128,4096
SIFT1M,official-fp32-groundtruth,173,10,10,1.000000,54873.485,0.000,1000000,128,4096
SIFT1M,official-fp32-groundtruth,174,10,10,1.000000,39764.855,0.000,1000000,128,4096
SIFT1M,official-fp32-groundtruth,175,10,9,0.900000,54298.441,0.000,1000000,128,4096
SIFT1M,official-fp32-groundtruth,176,10,10,1.000000,54697.746,0.000,1000000,128,4096
SIFT1M,official-fp32-groundtruth,177,10,10,1.000000,60960.107,0.000,1000000,128,4096
SIFT1M,official-fp32-groundtruth,178,10,9,0.900000,46244.820,0.000,1000000,128,4096
SIFT1M,official-fp32-groundtruth,179,10,10,1.000000,48731.628,0.000,1000000,128,4096
SIFT1M,official-fp32-groundtruth,180,10,10,1.000000,41117.873,0.000,1000000,128,4096
SIFT1M,official-fp32-groundtruth,181,10,10,1.000000,52018.470,0.000,1000000,128,4096
SIFT1M,official-fp32-groundtruth,182,10,10,1.000000,71213.141,0.000,1000000,128,4096
SIFT1M,official-fp32-groundtruth,183,10,10,1.000000,111163.162,0.000,1000000,128,4096
SIFT1M,official-fp32-groundtruth,184,10,10,1.000000,47050.311,0.000,1000000,128,4096
SIFT1M,official-fp32-groundtruth,185,10,10,1.000000,22774.526,0.000,1000000,128,4096
SIFT1M,official-fp32-groundtruth,186,10,10,1.000000,57454.748,0.000,1000000,128,4096
SIFT1M,official-fp32-groundtruth,187,10,10,1.000000,84896.346,0.000,1000000,128,4096
SIFT1M,official-fp32-groundtruth,188,10,10,1.000000,43320.593,0.000,1000000,128,4096
SIFT1M,official-fp32-groundtruth,189,10,10,1.000000,57348.635,0.000,1000000,128,4096
SIFT1M,official-fp32-groundtruth,190,10,10,1.000000,41401.960,0.000,1000000,128,4096
SIFT1M,official-fp32-groundtruth,191,10,10,1.000000,69048.836,0.000,1000000,128,4096
SIFT1M,official-fp32-groundtruth,192,10,10,1.000000,65117.693,0.000,1000000,128,4096
SIFT1M,official-fp32-groundtruth,193,10,10,1.000000,47733.131,0.000,1000000,128,4096
SIFT1M,official-fp32-groundtruth,194,10,10,1.000000,64306.946,0.000,1000000,128,4096
SIFT1M,official-fp32-groundtruth,195,10,10,1.000000,74497.205,0.000,1000000,128,4096
SIFT1M,official-fp32-groundtruth,196,10,10,1.000000,101577.653,0.000,1000000,128,4096
SIFT1M,official-fp32-groundtruth,197,10,10,1.000000,65681.399,0.000,1000000,128,4096
SIFT1M,official-fp32-groundtruth,198,10,10,1.000000,35340.178,0.000,1000000,128,4096
SIFT1M,official-fp32-groundtruth,199,10,9,0.900000,68554.127,0.000,1000000,128,4096
