product,sample,latency_us,rows
engramdb-arrow-flight,0,584.022,10
engramdb-arrow-flight,1,877.773,10
engramdb-arrow-flight,2,743.793,10
engramdb-arrow-flight,3,416.323,10
engramdb-arrow-flight,4,362.323,10
engramdb-arrow-flight,5,413.821,10
engramdb-arrow-flight,6,348.526,10
engramdb-arrow-flight,7,345.024,10
engramdb-arrow-flight,8,357.84,10
engramdb-arrow-flight,9,340.571,10
engramdb-arrow-flight,10,331.538,10
engramdb-arrow-flight,11,334.196,10
engramdb-arrow-flight,12,333.995,10
engramdb-arrow-flight,13,386.519,10
engramdb-arrow-flight,14,339.165,10
engramdb-arrow-flight,15,340.537,10
engramdb-arrow-flight,16,345.559,10
engramdb-arrow-flight,17,379.963,10
engramdb-arrow-flight,18,336.424,10
engramdb-arrow-flight,19,349.594,10
engramdb-arrow-flight,20,550.078,10
engramdb-arrow-flight,21,680.56,10
engramdb-arrow-flight,22,395.592,10
engramdb-arrow-flight,23,355.05,10
engramdb-arrow-flight,24,397.911,10
engramdb-arrow-flight,25,347.061,10
engramdb-arrow-flight,26,348.558,10
engramdb-arrow-flight,27,341.015,10
engramdb-arrow-flight,28,339.611,10
engramdb-arrow-flight,29,591.476,10
engramdb-arrow-flight,30,662.813,10
engramdb-arrow-flight,31,400.08,10
engramdb-arrow-flight,32,394.175,10
engramdb-arrow-flight,33,342.757,10
engramdb-arrow-flight,34,351.039,10
engramdb-arrow-flight,35,338.186,10
engramdb-arrow-flight,36,347.842,10
engramdb-arrow-flight,37,334.914,10
engramdb-arrow-flight,38,338.57,10
engramdb-arrow-flight,39,605.404,10
engramdb-arrow-flight,40,426.614,10
engramdb-arrow-flight,41,421.541,10
engramdb-arrow-flight,42,420.111,10
engramdb-arrow-flight,43,364.167,10
engramdb-arrow-flight,44,343.737,10
engramdb-arrow-flight,45,353.387,10
engramdb-arrow-flight,46,329.117,10
engramdb-arrow-flight,47,322.826,10
engramdb-arrow-flight,48,341.458,10
engramdb-arrow-flight,49,340.174,10
engramdb-arrow-flight,50,346.329,10
engramdb-arrow-flight,51,338.282,10
engramdb-arrow-flight,52,364.691,10
engramdb-arrow-flight,53,348.585,10
engramdb-arrow-flight,54,337.095,10
engramdb-arrow-flight,55,335.42,10
engramdb-arrow-flight,56,330.136,10
engramdb-arrow-flight,57,331.19,10
engramdb-arrow-flight,58,340.238,10
engramdb-arrow-flight,59,333.017,10
engramdb-arrow-flight,60,334.948,10
engramdb-arrow-flight,61,754.076,10
engramdb-arrow-flight,62,413.404,10
engramdb-arrow-flight,63,414.87,10
engramdb-arrow-flight,64,347.451,10
engramdb-arrow-flight,65,340.865,10
engramdb-arrow-flight,66,338.209,10
engramdb-arrow-flight,67,341.815,10
engramdb-arrow-flight,68,336.778,10
engramdb-arrow-flight,69,340.379,10
engramdb-arrow-flight,70,338.857,10
engramdb-arrow-flight,71,520.369,10
engramdb-arrow-flight,72,359.672,10
engramdb-arrow-flight,73,383.204,10
engramdb-arrow-flight,74,338.19,10
engramdb-arrow-flight,75,345.417,10
engramdb-arrow-flight,76,326.899,10
engramdb-arrow-flight,77,343.712,10
engramdb-arrow-flight,78,346.071,10
engramdb-arrow-flight,79,333.755,10
engramdb-arrow-flight,80,330.15,10
engramdb-arrow-flight,81,330.314,10
engramdb-arrow-flight,82,499.053,10
engramdb-arrow-flight,83,386.629,10
engramdb-arrow-flight,84,340.563,10
engramdb-arrow-flight,85,332.502,10
engramdb-arrow-flight,86,327.584,10
engramdb-arrow-flight,87,330.438,10
engramdb-arrow-flight,88,330.49,10
engramdb-arrow-flight,89,333.772,10
engramdb-arrow-flight,90,332.609,10
engramdb-arrow-flight,91,334.118,10
engramdb-arrow-flight,92,328.455,10
engramdb-arrow-flight,93,341.478,10
engramdb-arrow-flight,94,328.254,10
engramdb-arrow-flight,95,336.023,10
engramdb-arrow-flight,96,326.018,10
engramdb-arrow-flight,97,333.205,10
engramdb-arrow-flight,98,329.883,10
engramdb-arrow-flight,99,328.053,10
engramdb-arrow-flight,100,385.785,10
engramdb-arrow-flight,101,342.484,10
engramdb-arrow-flight,102,337.102,10
engramdb-arrow-flight,103,333.01,10
engramdb-arrow-flight,104,339.837,10
engramdb-arrow-flight,105,336.63,10
engramdb-arrow-flight,106,348.395,10
engramdb-arrow-flight,107,369.422,10
engramdb-arrow-flight,108,352.442,10
engramdb-arrow-flight,109,379.31,10
engramdb-arrow-flight,110,331.149,10
engramdb-arrow-flight,111,336.816,10
engramdb-arrow-flight,112,328.056,10
engramdb-arrow-flight,113,351.022,10
engramdb-arrow-flight,114,333.254,10
engramdb-arrow-flight,115,330.879,10
engramdb-arrow-flight,116,324.634,10
engramdb-arrow-flight,117,708.714,10
engramdb-arrow-flight,118,422.263,10
engramdb-arrow-flight,119,408.236,10
engramdb-arrow-flight,120,340.644,10
engramdb-arrow-flight,121,345.906,10
engramdb-arrow-flight,122,335.251,10
engramdb-arrow-flight,123,369.863,10
engramdb-arrow-flight,124,398.376,10
engramdb-arrow-flight,125,346.954,10
engramdb-arrow-flight,126,344.697,10
engramdb-arrow-flight,127,346.599,10
engramdb-arrow-flight,128,340.003,10
engramdb-arrow-flight,129,388.661,10
engramdb-arrow-flight,130,322.796,10
engramdb-arrow-flight,131,346.651,10
engramdb-arrow-flight,132,326.869,10
engramdb-arrow-flight,133,657.0,10
engramdb-arrow-flight,134,461.594,10
engramdb-arrow-flight,135,359.482,10
engramdb-arrow-flight,136,329.518,10
engramdb-arrow-flight,137,795.796,10
engramdb-arrow-flight,138,406.101,10
engramdb-arrow-flight,139,374.966,10
engramdb-arrow-flight,140,353.417,10
engramdb-arrow-flight,141,347.64,10
engramdb-arrow-flight,142,329.404,10
engramdb-arrow-flight,143,335.142,10
engramdb-arrow-flight,144,326.74,10
engramdb-arrow-flight,145,327.166,10
engramdb-arrow-flight,146,326.305,10
engramdb-arrow-flight,147,725.776,10
engramdb-arrow-flight,148,416.27,10
engramdb-arrow-flight,149,348.966,10
engramdb-arrow-flight,150,325.915,10
engramdb-arrow-flight,151,335.049,10
engramdb-arrow-flight,152,326.38,10
engramdb-arrow-flight,153,325.859,10
engramdb-arrow-flight,154,327.309,10
engramdb-arrow-flight,155,335.95,10
engramdb-arrow-flight,156,323.466,10
engramdb-arrow-flight,157,335.864,10
engramdb-arrow-flight,158,588.676,10
engramdb-arrow-flight,159,412.378,10
engramdb-arrow-flight,160,402.487,10
engramdb-arrow-flight,161,363.166,10
engramdb-arrow-flight,162,347.714,10
engramdb-arrow-flight,163,326.719,10
engramdb-arrow-flight,164,333.46,10
engramdb-arrow-flight,165,335.922,10
engramdb-arrow-flight,166,337.902,10
engramdb-arrow-flight,167,333.994,10
engramdb-arrow-flight,168,423.836,10
engramdb-arrow-flight,169,364.945,10
engramdb-arrow-flight,170,337.473,10
engramdb-arrow-flight,171,327.222,10
engramdb-arrow-flight,172,342.568,10
engramdb-arrow-flight,173,325.172,10
engramdb-arrow-flight,174,332.615,10
engramdb-arrow-flight,175,325.783,10
engramdb-arrow-flight,176,332.725,10
engramdb-arrow-flight,177,323.179,10
engramdb-arrow-flight,178,334.182,10
engramdb-arrow-flight,179,329.137,10
engramdb-arrow-flight,180,559.618,10
engramdb-arrow-flight,181,398.312,10
engramdb-arrow-flight,182,348.296,10
engramdb-arrow-flight,183,329.63,10
engramdb-arrow-flight,184,332.68,10
engramdb-arrow-flight,185,325.582,10
engramdb-arrow-flight,186,345.812,10
engramdb-arrow-flight,187,331.899,10
engramdb-arrow-flight,188,329.537,10
engramdb-arrow-flight,189,334.485,10
engramdb-arrow-flight,190,327.622,10
engramdb-arrow-flight,191,583.506,10
engramdb-arrow-flight,192,431.127,10
engramdb-arrow-flight,193,417.12,10
engramdb-arrow-flight,194,338.549,10
engramdb-arrow-flight,195,339.296,10
engramdb-arrow-flight,196,325.351,10
engramdb-arrow-flight,197,335.586,10
engramdb-arrow-flight,198,333.389,10
engramdb-arrow-flight,199,333.653,10
engramdb-arrow-flight,200,327.655,10
engramdb-arrow-flight,201,334.525,10
engramdb-arrow-flight,202,339.362,10
engramdb-arrow-flight,203,331.448,10
engramdb-arrow-flight,204,378.256,10
engramdb-arrow-flight,205,326.486,10
engramdb-arrow-flight,206,332.938,10
engramdb-arrow-flight,207,325.998,10
engramdb-arrow-flight,208,333.639,10
engramdb-arrow-flight,209,327.525,10
engramdb-arrow-flight,210,331.2,10
engramdb-arrow-flight,211,333.541,10
engramdb-arrow-flight,212,330.411,10
engramdb-arrow-flight,213,331.12,10
engramdb-arrow-flight,214,346.593,10
engramdb-arrow-flight,215,353.219,10
engramdb-arrow-flight,216,331.158,10
engramdb-arrow-flight,217,326.515,10
engramdb-arrow-flight,218,332.602,10
engramdb-arrow-flight,219,328.279,10
engramdb-arrow-flight,220,329.155,10
engramdb-arrow-flight,221,325.54,10
engramdb-arrow-flight,222,332.709,10
engramdb-arrow-flight,223,334.983,10
engramdb-arrow-flight,224,327.273,10
engramdb-arrow-flight,225,331.772,10
engramdb-arrow-flight,226,529.854,10
engramdb-arrow-flight,227,322.198,10
engramdb-arrow-flight,228,605.358,10
engramdb-arrow-flight,229,872.903,10
engramdb-arrow-flight,230,404.103,10
engramdb-arrow-flight,231,756.307,10
engramdb-arrow-flight,232,384.365,10
engramdb-arrow-flight,233,370.71,10
engramdb-arrow-flight,234,733.142,10
engramdb-arrow-flight,235,397.243,10
engramdb-arrow-flight,236,383.111,10
engramdb-arrow-flight,237,339.371,10
engramdb-arrow-flight,238,338.739,10
engramdb-arrow-flight,239,342.148,10
engramdb-arrow-flight,240,326.939,10
engramdb-arrow-flight,241,334.346,10
engramdb-arrow-flight,242,332.083,10
engramdb-arrow-flight,243,410.743,10
engramdb-arrow-flight,244,367.502,10
engramdb-arrow-flight,245,332.899,10
engramdb-arrow-flight,246,333.288,10
engramdb-arrow-flight,247,336.148,10
engramdb-arrow-flight,248,330.462,10
engramdb-arrow-flight,249,330.89,10
engramdb-arrow-flight,250,332.643,10
engramdb-arrow-flight,251,331.21,10
engramdb-arrow-flight,252,327.698,10
engramdb-arrow-flight,253,329.974,10
engramdb-arrow-flight,254,321.313,10
engramdb-arrow-flight,255,569.964,10
engramdb-arrow-flight,256,414.901,10
engramdb-arrow-flight,257,354.631,10
engramdb-arrow-flight,258,341.974,10
engramdb-arrow-flight,259,337.539,10
engramdb-arrow-flight,260,328.984,10
engramdb-arrow-flight,261,333.769,10
engramdb-arrow-flight,262,319.076,10
engramdb-arrow-flight,263,333.53,10
engramdb-arrow-flight,264,325.474,10
engramdb-arrow-flight,265,332.233,10
engramdb-arrow-flight,266,567.634,10
engramdb-arrow-flight,267,402.234,10
engramdb-arrow-flight,268,341.986,10
engramdb-arrow-flight,269,337.978,10
engramdb-arrow-flight,270,332.568,10
engramdb-arrow-flight,271,340.274,10
engramdb-arrow-flight,272,332.677,10
engramdb-arrow-flight,273,330.102,10
engramdb-arrow-flight,274,331.76,10
engramdb-arrow-flight,275,330.413,10
engramdb-arrow-flight,276,322.051,10
engramdb-arrow-flight,277,668.339,10
engramdb-arrow-flight,278,406.294,10
engramdb-arrow-flight,279,355.417,10
engramdb-arrow-flight,280,333.215,10
engramdb-arrow-flight,281,329.948,10
engramdb-arrow-flight,282,332.558,10
engramdb-arrow-flight,283,331.587,10
engramdb-arrow-flight,284,322.371,10
engramdb-arrow-flight,285,329.465,10
engramdb-arrow-flight,286,324.008,10
engramdb-arrow-flight,287,331.795,10
engramdb-arrow-flight,288,552.941,10
engramdb-arrow-flight,289,400.9,10
engramdb-arrow-flight,290,341.039,10
engramdb-arrow-flight,291,332.795,10
engramdb-arrow-flight,292,333.632,10
engramdb-arrow-flight,293,335.989,10
engramdb-arrow-flight,294,336.428,10
engramdb-arrow-flight,295,333.174,10
engramdb-arrow-flight,296,330.359,10
engramdb-arrow-flight,297,331.367,10
engramdb-arrow-flight,298,321.333,10
engramdb-arrow-flight,299,629.727,10
engramdb-arrow-flight,300,418.72,10
engramdb-arrow-flight,301,354.157,10
engramdb-arrow-flight,302,330.372,10
engramdb-arrow-flight,303,335.385,10
engramdb-arrow-flight,304,332.302,10
engramdb-arrow-flight,305,340.053,10
engramdb-arrow-flight,306,328.647,10
engramdb-arrow-flight,307,332.847,10
engramdb-arrow-flight,308,325.419,10
engramdb-arrow-flight,309,336.11,10
engramdb-arrow-flight,310,589.857,10
engramdb-arrow-flight,311,405.201,10
engramdb-arrow-flight,312,348.64,10
engramdb-arrow-flight,313,338.226,10
engramdb-arrow-flight,314,329.514,10
engramdb-arrow-flight,315,331.467,10
engramdb-arrow-flight,316,326.936,10
engramdb-arrow-flight,317,334.277,10
engramdb-arrow-flight,318,326.01,10
engramdb-arrow-flight,319,338.958,10
engramdb-arrow-flight,320,334.2,10
engramdb-arrow-flight,321,330.419,10
engramdb-arrow-flight,322,333.707,10
engramdb-arrow-flight,323,326.956,10
engramdb-arrow-flight,324,323.86,10
engramdb-arrow-flight,325,326.317,10
engramdb-arrow-flight,326,325.935,10
engramdb-arrow-flight,327,334.021,10
engramdb-arrow-flight,328,327.134,10
engramdb-arrow-flight,329,325.968,10
engramdb-arrow-flight,330,325.108,10
engramdb-arrow-flight,331,335.937,10
engramdb-arrow-flight,332,323.754,10
engramdb-arrow-flight,333,633.929,10
engramdb-arrow-flight,334,411.878,10
engramdb-arrow-flight,335,363.586,10
engramdb-arrow-flight,336,328.945,10
engramdb-arrow-flight,337,335.821,10
engramdb-arrow-flight,338,327.778,10
engramdb-arrow-flight,339,334.786,10
engramdb-arrow-flight,340,324.986,10
engramdb-arrow-flight,341,347.65,10
engramdb-arrow-flight,342,336.491,10
engramdb-arrow-flight,343,329.478,10
engramdb-arrow-flight,344,537.07,10
engramdb-arrow-flight,345,392.642,10
engramdb-arrow-flight,346,399.623,10
engramdb-arrow-flight,347,339.341,10
engramdb-arrow-flight,348,344.34,10
engramdb-arrow-flight,349,330.409,10
engramdb-arrow-flight,350,372.487,10
engramdb-arrow-flight,351,363.062,10
engramdb-arrow-flight,352,351.694,10
engramdb-arrow-flight,353,329.889,10
engramdb-arrow-flight,354,347.981,10
engramdb-arrow-flight,355,329.581,10
engramdb-arrow-flight,356,341.321,10
engramdb-arrow-flight,357,327.148,10
engramdb-arrow-flight,358,340.228,10
engramdb-arrow-flight,359,322.748,10
engramdb-arrow-flight,360,340.252,10
engramdb-arrow-flight,361,329.293,10
engramdb-arrow-flight,362,338.219,10
engramdb-arrow-flight,363,336.655,10
engramdb-arrow-flight,364,336.099,10
engramdb-arrow-flight,365,329.579,10
engramdb-arrow-flight,366,605.907,10
engramdb-arrow-flight,367,406.377,10
engramdb-arrow-flight,368,347.937,10
engramdb-arrow-flight,369,331.078,10
engramdb-arrow-flight,370,335.921,10
engramdb-arrow-flight,371,335.692,10
engramdb-arrow-flight,372,337.761,10
engramdb-arrow-flight,373,323.624,10
engramdb-arrow-flight,374,329.173,10
engramdb-arrow-flight,375,323.574,10
engramdb-arrow-flight,376,337.5,10
engramdb-arrow-flight,377,331.96,10
engramdb-arrow-flight,378,335.325,10
engramdb-arrow-flight,379,322.473,10
engramdb-arrow-flight,380,332.791,10
engramdb-arrow-flight,381,320.267,10
engramdb-arrow-flight,382,333.15,10
engramdb-arrow-flight,383,327.842,10
engramdb-arrow-flight,384,334.867,10
engramdb-arrow-flight,385,322.412,10
engramdb-arrow-flight,386,325.72,10
engramdb-arrow-flight,387,323.46,10
engramdb-arrow-flight,388,332.188,10
engramdb-arrow-flight,389,328.429,10
engramdb-arrow-flight,390,338.798,10
engramdb-arrow-flight,391,332.621,10
engramdb-arrow-flight,392,331.99,10
engramdb-arrow-flight,393,339.754,10
engramdb-arrow-flight,394,385.673,10
engramdb-arrow-flight,395,331.877,10
engramdb-arrow-flight,396,341.869,10
engramdb-arrow-flight,397,342.637,10
engramdb-arrow-flight,398,336.497,10
engramdb-arrow-flight,399,332.729,10
engramdb-arrow-flight,400,332.931,10
engramdb-arrow-flight,401,641.765,10
engramdb-arrow-flight,402,418.902,10
engramdb-arrow-flight,403,351.094,10
engramdb-arrow-flight,404,340.696,10
engramdb-arrow-flight,405,334.845,10
engramdb-arrow-flight,406,333.308,10
engramdb-arrow-flight,407,361.995,10
engramdb-arrow-flight,408,373.048,10
engramdb-arrow-flight,409,356.04,10
engramdb-arrow-flight,410,332.683,10
engramdb-arrow-flight,411,344.596,10
engramdb-arrow-flight,412,331.931,10
engramdb-arrow-flight,413,336.831,10
engramdb-arrow-flight,414,381.066,10
engramdb-arrow-flight,415,336.192,10
engramdb-arrow-flight,416,339.203,10
engramdb-arrow-flight,417,334.749,10
engramdb-arrow-flight,418,328.162,10
engramdb-arrow-flight,419,337.573,10
engramdb-arrow-flight,420,335.84,10
engramdb-arrow-flight,421,331.043,10
engramdb-arrow-flight,422,337.021,10
engramdb-arrow-flight,423,363.326,10
engramdb-arrow-flight,424,344.1,10
engramdb-arrow-flight,425,330.7,10
engramdb-arrow-flight,426,330.449,10
engramdb-arrow-flight,427,328.589,10
engramdb-arrow-flight,428,329.619,10
engramdb-arrow-flight,429,334.403,10
engramdb-arrow-flight,430,323.263,10
engramdb-arrow-flight,431,317.859,10
engramdb-arrow-flight,432,326.007,10
engramdb-arrow-flight,433,337.264,10
engramdb-arrow-flight,434,337.95,10
engramdb-arrow-flight,435,343.442,10
engramdb-arrow-flight,436,353.157,10
engramdb-arrow-flight,437,338.095,10
engramdb-arrow-flight,438,332.487,10
engramdb-arrow-flight,439,336.389,10
engramdb-arrow-flight,440,328.22,10
engramdb-arrow-flight,441,329.408,10
engramdb-arrow-flight,442,333.12,10
engramdb-arrow-flight,443,335.6,10
engramdb-arrow-flight,444,331.854,10
engramdb-arrow-flight,445,337.444,10
engramdb-arrow-flight,446,324.213,10
engramdb-arrow-flight,447,330.865,10
engramdb-arrow-flight,448,329.039,10
engramdb-arrow-flight,449,329.619,10
engramdb-arrow-flight,450,334.371,10
engramdb-arrow-flight,451,324.759,10
engramdb-arrow-flight,452,328.016,10
engramdb-arrow-flight,453,327.057,10
engramdb-arrow-flight,454,336.705,10
engramdb-arrow-flight,455,336.095,10
engramdb-arrow-flight,456,326.963,10
engramdb-arrow-flight,457,332.06,10
engramdb-arrow-flight,458,326.822,10
engramdb-arrow-flight,459,331.163,10
engramdb-arrow-flight,460,331.547,10
engramdb-arrow-flight,461,331.743,10
engramdb-arrow-flight,462,332.957,10
engramdb-arrow-flight,463,326.047,10
engramdb-arrow-flight,464,326.843,10
engramdb-arrow-flight,465,329.605,10
engramdb-arrow-flight,466,338.722,10
engramdb-arrow-flight,467,369.614,10
engramdb-arrow-flight,468,360.323,10
engramdb-arrow-flight,469,337.236,10
engramdb-arrow-flight,470,323.895,10
engramdb-arrow-flight,471,593.753,10
engramdb-arrow-flight,472,345.047,10
engramdb-arrow-flight,473,376.205,10
engramdb-arrow-flight,474,339.38,10
engramdb-arrow-flight,475,330.866,10
engramdb-arrow-flight,476,332.657,10
engramdb-arrow-flight,477,331.632,10
engramdb-arrow-flight,478,324.37,10
engramdb-arrow-flight,479,327.527,10
engramdb-arrow-flight,480,333.736,10
engramdb-arrow-flight,481,324.873,10
engramdb-arrow-flight,482,328.565,10
engramdb-arrow-flight,483,340.131,10
engramdb-arrow-flight,484,332.454,10
engramdb-arrow-flight,485,332.567,10
engramdb-arrow-flight,486,333.84,10
engramdb-arrow-flight,487,333.145,10
engramdb-arrow-flight,488,324.787,10
engramdb-arrow-flight,489,325.849,10
engramdb-arrow-flight,490,329.085,10
engramdb-arrow-flight,491,334.618,10
engramdb-arrow-flight,492,331.319,10
engramdb-arrow-flight,493,322.834,10
engramdb-arrow-flight,494,323.987,10
engramdb-arrow-flight,495,346.687,10
engramdb-arrow-flight,496,338.876,10
engramdb-arrow-flight,497,330.961,10
engramdb-arrow-flight,498,325.523,10
engramdb-arrow-flight,499,326.76,10
engramdb-arrow-flight,500,323.865,10
engramdb-arrow-flight,501,333.292,10
engramdb-arrow-flight,502,340.718,10
engramdb-arrow-flight,503,329.178,10
engramdb-arrow-flight,504,331.393,10
engramdb-arrow-flight,505,317.646,10
engramdb-arrow-flight,506,330.612,10
engramdb-arrow-flight,507,333.729,10
engramdb-arrow-flight,508,328.36,10
engramdb-arrow-flight,509,333.296,10
engramdb-arrow-flight,510,321.275,10
engramdb-arrow-flight,511,335.274,10
engramdb-arrow-flight,512,324.903,10
engramdb-arrow-flight,513,325.701,10
engramdb-arrow-flight,514,326.501,10
engramdb-arrow-flight,515,331.75,10
engramdb-arrow-flight,516,331.044,10
engramdb-arrow-flight,517,323.295,10
engramdb-arrow-flight,518,337.008,10
engramdb-arrow-flight,519,508.026,10
engramdb-arrow-flight,520,361.282,10
engramdb-arrow-flight,521,375.252,10
engramdb-arrow-flight,522,341.115,10
engramdb-arrow-flight,523,336.855,10
engramdb-arrow-flight,524,333.469,10
engramdb-arrow-flight,525,363.999,10
engramdb-arrow-flight,526,333.763,10
engramdb-arrow-flight,527,335.657,10
engramdb-arrow-flight,528,334.599,10
engramdb-arrow-flight,529,331.635,10
engramdb-arrow-flight,530,549.883,10
engramdb-arrow-flight,531,348.101,10
engramdb-arrow-flight,532,389.412,10
engramdb-arrow-flight,533,337.495,10
engramdb-arrow-flight,534,332.457,10
engramdb-arrow-flight,535,331.909,10
engramdb-arrow-flight,536,325.09,10
engramdb-arrow-flight,537,339.988,10
engramdb-arrow-flight,538,338.918,10
engramdb-arrow-flight,539,333.453,10
engramdb-arrow-flight,540,345.695,10
engramdb-arrow-flight,541,567.947,10
engramdb-arrow-flight,542,407.532,10
engramdb-arrow-flight,543,401.123,10
engramdb-arrow-flight,544,346.306,10
engramdb-arrow-flight,545,343.289,10
engramdb-arrow-flight,546,333.369,10
engramdb-arrow-flight,547,342.334,10
engramdb-arrow-flight,548,332.918,10
engramdb-arrow-flight,549,333.987,10
engramdb-arrow-flight,550,331.418,10
engramdb-arrow-flight,551,349.77,10
engramdb-arrow-flight,552,348.535,10
engramdb-arrow-flight,553,382.591,10
engramdb-arrow-flight,554,362.894,10
engramdb-arrow-flight,555,332.538,10
engramdb-arrow-flight,556,329.35,10
engramdb-arrow-flight,557,336.188,10
engramdb-arrow-flight,558,329.397,10
engramdb-arrow-flight,559,332.995,10
engramdb-arrow-flight,560,336.691,10
engramdb-arrow-flight,561,340.724,10
engramdb-arrow-flight,562,331.388,10
engramdb-arrow-flight,563,333.709,10
engramdb-arrow-flight,564,322.953,10
engramdb-arrow-flight,565,331.825,10
engramdb-arrow-flight,566,330.053,10
engramdb-arrow-flight,567,336.07,10
engramdb-arrow-flight,568,340.689,10
engramdb-arrow-flight,569,328.332,10
engramdb-arrow-flight,570,327.671,10
engramdb-arrow-flight,571,329.237,10
engramdb-arrow-flight,572,332.455,10
engramdb-arrow-flight,573,329.252,10
engramdb-arrow-flight,574,329.441,10
engramdb-arrow-flight,575,324.97,10
engramdb-arrow-flight,576,328.207,10
engramdb-arrow-flight,577,341.836,10
engramdb-arrow-flight,578,329.318,10
engramdb-arrow-flight,579,333.512,10
engramdb-arrow-flight,580,323.395,10
engramdb-arrow-flight,581,333.443,10
engramdb-arrow-flight,582,350.515,10
engramdb-arrow-flight,583,360.839,10
engramdb-arrow-flight,584,372.677,10
engramdb-arrow-flight,585,337.518,10
engramdb-arrow-flight,586,330.762,10
engramdb-arrow-flight,587,552.24,10
engramdb-arrow-flight,588,330.464,10
engramdb-arrow-flight,589,339.601,10
engramdb-arrow-flight,590,329.992,10
engramdb-arrow-flight,591,329.05,10
engramdb-arrow-flight,592,334.065,10
engramdb-arrow-flight,593,339.146,10
engramdb-arrow-flight,594,325.05,10
engramdb-arrow-flight,595,329.477,10
engramdb-arrow-flight,596,335.188,10
engramdb-arrow-flight,597,324.41,10
engramdb-arrow-flight,598,336.908,10
engramdb-arrow-flight,599,329.819,10
engramdb-arrow-flight,600,327.356,10
engramdb-arrow-flight,601,324.288,10
engramdb-arrow-flight,602,328.963,10
engramdb-arrow-flight,603,335.576,10
engramdb-arrow-flight,604,335.233,10
engramdb-arrow-flight,605,333.455,10
engramdb-arrow-flight,606,329.794,10
engramdb-arrow-flight,607,328.203,10
engramdb-arrow-flight,608,337.838,10
engramdb-arrow-flight,609,334.945,10
engramdb-arrow-flight,610,340.402,10
engramdb-arrow-flight,611,353.341,10
engramdb-arrow-flight,612,378.519,10
engramdb-arrow-flight,613,365.717,10
engramdb-arrow-flight,614,331.617,10
engramdb-arrow-flight,615,328.637,10
engramdb-arrow-flight,616,370.929,10
engramdb-arrow-flight,617,334.946,10
engramdb-arrow-flight,618,334.651,10
engramdb-arrow-flight,619,327.166,10
engramdb-arrow-flight,620,332.263,10
engramdb-arrow-flight,621,323.908,10
engramdb-arrow-flight,622,327.84,10
engramdb-arrow-flight,623,318.904,10
engramdb-arrow-flight,624,323.868,10
engramdb-arrow-flight,625,321.565,10
engramdb-arrow-flight,626,328.296,10
engramdb-arrow-flight,627,327.786,10
engramdb-arrow-flight,628,328.035,10
engramdb-arrow-flight,629,324.595,10
engramdb-arrow-flight,630,330.407,10
engramdb-arrow-flight,631,327.575,10
engramdb-arrow-flight,632,331.698,10
engramdb-arrow-flight,633,329.696,10
engramdb-arrow-flight,634,326.906,10
engramdb-arrow-flight,635,312.874,10
engramdb-arrow-flight,636,332.666,10
engramdb-arrow-flight,637,329.937,10
engramdb-arrow-flight,638,324.696,10
engramdb-arrow-flight,639,331.262,10
engramdb-arrow-flight,640,326.281,10
engramdb-arrow-flight,641,335.639,10
engramdb-arrow-flight,642,330.523,10
engramdb-arrow-flight,643,336.355,10
engramdb-arrow-flight,644,332.429,10
engramdb-arrow-flight,645,318.297,10
engramdb-arrow-flight,646,335.484,10
engramdb-arrow-flight,647,325.08,10
engramdb-arrow-flight,648,328.704,10
engramdb-arrow-flight,649,333.067,10
engramdb-arrow-flight,650,322.807,10
engramdb-arrow-flight,651,327.734,10
engramdb-arrow-flight,652,329.324,10
engramdb-arrow-flight,653,334.005,10
engramdb-arrow-flight,654,330.556,10
engramdb-arrow-flight,655,319.971,10
engramdb-arrow-flight,656,337.368,10
engramdb-arrow-flight,657,327.544,10
engramdb-arrow-flight,658,332.968,10
engramdb-arrow-flight,659,359.686,10
engramdb-arrow-flight,660,322.567,10
engramdb-arrow-flight,661,339.694,10
engramdb-arrow-flight,662,333.725,10
engramdb-arrow-flight,663,525.95,10
engramdb-arrow-flight,664,370.375,10
engramdb-arrow-flight,665,339.644,10
engramdb-arrow-flight,666,339.12,10
engramdb-arrow-flight,667,333.402,10
engramdb-arrow-flight,668,336.421,10
engramdb-arrow-flight,669,335.64,10
engramdb-arrow-flight,670,361.099,10
engramdb-arrow-flight,671,410.371,10
engramdb-arrow-flight,672,367.399,10
engramdb-arrow-flight,673,390.399,10
engramdb-arrow-flight,674,341.418,10
engramdb-arrow-flight,675,340.791,10
engramdb-arrow-flight,676,335.953,10
engramdb-arrow-flight,677,343.903,10
engramdb-arrow-flight,678,339.982,10
engramdb-arrow-flight,679,336.823,10
engramdb-arrow-flight,680,332.19,10
engramdb-arrow-flight,681,334.031,10
engramdb-arrow-flight,682,326.417,10
engramdb-arrow-flight,683,341.569,10
engramdb-arrow-flight,684,322.37,10
engramdb-arrow-flight,685,330.657,10
engramdb-arrow-flight,686,328.03,10
engramdb-arrow-flight,687,338.199,10
engramdb-arrow-flight,688,340.611,10
engramdb-arrow-flight,689,334.05,10
engramdb-arrow-flight,690,332.083,10
engramdb-arrow-flight,691,331.749,10
engramdb-arrow-flight,692,334.22,10
engramdb-arrow-flight,693,329.371,10
engramdb-arrow-flight,694,336.381,10
engramdb-arrow-flight,695,336.996,10
engramdb-arrow-flight,696,333.91,10
engramdb-arrow-flight,697,334.705,10
engramdb-arrow-flight,698,331.325,10
engramdb-arrow-flight,699,334.515,10
engramdb-arrow-flight,700,376.577,10
engramdb-arrow-flight,701,335.039,10
engramdb-arrow-flight,702,343.056,10
engramdb-arrow-flight,703,330.614,10
engramdb-arrow-flight,704,323.117,10
engramdb-arrow-flight,705,663.502,10
engramdb-arrow-flight,706,659.088,10
engramdb-arrow-flight,707,598.542,10
engramdb-arrow-flight,708,627.033,10
engramdb-arrow-flight,709,419.169,10
engramdb-arrow-flight,710,361.752,10
engramdb-arrow-flight,711,345.696,10
engramdb-arrow-flight,712,352.59,10
engramdb-arrow-flight,713,884.943,10
engramdb-arrow-flight,714,618.972,10
engramdb-arrow-flight,715,412.012,10
engramdb-arrow-flight,716,365.486,10
engramdb-arrow-flight,717,354.331,10
engramdb-arrow-flight,718,339.104,10
engramdb-arrow-flight,719,339.926,10
engramdb-arrow-flight,720,337.803,10
engramdb-arrow-flight,721,337.144,10
engramdb-arrow-flight,722,345.056,10
engramdb-arrow-flight,723,378.996,10
engramdb-arrow-flight,724,387.823,10
engramdb-arrow-flight,725,343.838,10
engramdb-arrow-flight,726,333.261,10
engramdb-arrow-flight,727,340.364,10
engramdb-arrow-flight,728,337.371,10
engramdb-arrow-flight,729,326.06,10
engramdb-arrow-flight,730,336.163,10
engramdb-arrow-flight,731,335.215,10
engramdb-arrow-flight,732,333.135,10
engramdb-arrow-flight,733,697.969,10
engramdb-arrow-flight,734,416.846,10
engramdb-arrow-flight,735,350.613,10
engramdb-arrow-flight,736,333.6,10
engramdb-arrow-flight,737,330.316,10
engramdb-arrow-flight,738,337.815,10
engramdb-arrow-flight,739,333.059,10
engramdb-arrow-flight,740,327.338,10
engramdb-arrow-flight,741,338.189,10
engramdb-arrow-flight,742,334.564,10
engramdb-arrow-flight,743,335.418,10
engramdb-arrow-flight,744,609.367,10
engramdb-arrow-flight,745,420.102,10
engramdb-arrow-flight,746,360.032,10
engramdb-arrow-flight,747,337.867,10
engramdb-arrow-flight,748,331.602,10
engramdb-arrow-flight,749,348.945,10
engramdb-arrow-flight,750,372.784,10
engramdb-arrow-flight,751,388.221,10
engramdb-arrow-flight,752,346.998,10
engramdb-arrow-flight,753,333.328,10
engramdb-arrow-flight,754,402.592,10
engramdb-arrow-flight,755,346.716,10
engramdb-arrow-flight,756,343.536,10
engramdb-arrow-flight,757,333.27,10
engramdb-arrow-flight,758,318.352,10
engramdb-arrow-flight,759,336.039,10
engramdb-arrow-flight,760,327.78,10
engramdb-arrow-flight,761,338.889,10
engramdb-arrow-flight,762,334.757,10
engramdb-arrow-flight,763,328.884,10
engramdb-arrow-flight,764,330.871,10
engramdb-arrow-flight,765,331.32,10
engramdb-arrow-flight,766,580.758,10
engramdb-arrow-flight,767,412.592,10
engramdb-arrow-flight,768,354.704,10
engramdb-arrow-flight,769,335.769,10
engramdb-arrow-flight,770,333.881,10
engramdb-arrow-flight,771,338.929,10
engramdb-arrow-flight,772,330.073,10
engramdb-arrow-flight,773,335.256,10
engramdb-arrow-flight,774,337.874,10
engramdb-arrow-flight,775,333.807,10
engramdb-arrow-flight,776,336.207,10
engramdb-arrow-flight,777,873.555,10
engramdb-arrow-flight,778,418.033,10
engramdb-arrow-flight,779,399.303,10
engramdb-arrow-flight,780,345.884,10
engramdb-arrow-flight,781,335.563,10
engramdb-arrow-flight,782,335.524,10
engramdb-arrow-flight,783,341.554,10
engramdb-arrow-flight,784,336.266,10
engramdb-arrow-flight,785,339.578,10
engramdb-arrow-flight,786,329.122,10
engramdb-arrow-flight,787,550.27,10
engramdb-arrow-flight,788,350.491,10
engramdb-arrow-flight,789,381.674,10
engramdb-arrow-flight,790,337.211,10
engramdb-arrow-flight,791,336.734,10
engramdb-arrow-flight,792,335.407,10
engramdb-arrow-flight,793,333.681,10
engramdb-arrow-flight,794,339.838,10
engramdb-arrow-flight,795,332.432,10
engramdb-arrow-flight,796,333.448,10
engramdb-arrow-flight,797,330.771,10
engramdb-arrow-flight,798,559.297,10
engramdb-arrow-flight,799,414.221,10
engramdb-arrow-flight,800,355.182,10
engramdb-arrow-flight,801,344.132,10
engramdb-arrow-flight,802,333.55,10
engramdb-arrow-flight,803,341.334,10
engramdb-arrow-flight,804,369.225,10
engramdb-arrow-flight,805,373.461,10
engramdb-arrow-flight,806,356.047,10
engramdb-arrow-flight,807,335.3,10
engramdb-arrow-flight,808,331.928,10
engramdb-arrow-flight,809,326.895,10
engramdb-arrow-flight,810,339.073,10
engramdb-arrow-flight,811,340.688,10
engramdb-arrow-flight,812,332.172,10
engramdb-arrow-flight,813,334.44,10
engramdb-arrow-flight,814,327.401,10
engramdb-arrow-flight,815,330.492,10
engramdb-arrow-flight,816,320.814,10
engramdb-arrow-flight,817,340.048,10
engramdb-arrow-flight,818,332.293,10
engramdb-arrow-flight,819,328.577,10
engramdb-arrow-flight,820,351.226,10
engramdb-arrow-flight,821,333.643,10
engramdb-arrow-flight,822,332.797,10
engramdb-arrow-flight,823,332.008,10
engramdb-arrow-flight,824,328.317,10
engramdb-arrow-flight,825,333.194,10
engramdb-arrow-flight,826,340.46,10
engramdb-arrow-flight,827,329.704,10
engramdb-arrow-flight,828,332.41,10
engramdb-arrow-flight,829,330.991,10
engramdb-arrow-flight,830,326.092,10
engramdb-arrow-flight,831,331.554,10
engramdb-arrow-flight,832,330.104,10
engramdb-arrow-flight,833,348.193,10
engramdb-arrow-flight,834,374.711,10
engramdb-arrow-flight,835,368.898,10
engramdb-arrow-flight,836,336.842,10
engramdb-arrow-flight,837,326.905,10
engramdb-arrow-flight,838,321.513,10
engramdb-arrow-flight,839,332.398,10
engramdb-arrow-flight,840,333.307,10
engramdb-arrow-flight,841,321.317,10
engramdb-arrow-flight,842,329.857,10
engramdb-arrow-flight,843,328.079,10
engramdb-arrow-flight,844,716.296,10
engramdb-arrow-flight,845,410.68,10
engramdb-arrow-flight,846,357.219,10
engramdb-arrow-flight,847,337.991,10
engramdb-arrow-flight,848,340.783,10
engramdb-arrow-flight,849,336.327,10
engramdb-arrow-flight,850,337.739,10
engramdb-arrow-flight,851,333.661,10
engramdb-arrow-flight,852,346.317,10
engramdb-arrow-flight,853,334.67,10
engramdb-arrow-flight,854,328.545,10
engramdb-arrow-flight,855,349.43,10
engramdb-arrow-flight,856,333.862,10
engramdb-arrow-flight,857,387.081,10
engramdb-arrow-flight,858,333.565,10
engramdb-arrow-flight,859,340.043,10
engramdb-arrow-flight,860,326.625,10
engramdb-arrow-flight,861,356.086,10
engramdb-arrow-flight,862,380.995,10
engramdb-arrow-flight,863,370.685,10
engramdb-arrow-flight,864,340.523,10
engramdb-arrow-flight,865,332.526,10
engramdb-arrow-flight,866,855.333,10
engramdb-arrow-flight,867,427.303,10
engramdb-arrow-flight,868,402.161,10
engramdb-arrow-flight,869,341.01,10
engramdb-arrow-flight,870,341.382,10
engramdb-arrow-flight,871,330.864,10
engramdb-arrow-flight,872,339.805,10
engramdb-arrow-flight,873,334.439,10
engramdb-arrow-flight,874,334.039,10
engramdb-arrow-flight,875,336.705,10
engramdb-arrow-flight,876,865.87,10
engramdb-arrow-flight,877,416.126,10
engramdb-arrow-flight,878,401.163,10
engramdb-arrow-flight,879,342.295,10
engramdb-arrow-flight,880,338.506,10
engramdb-arrow-flight,881,335.72,10
engramdb-arrow-flight,882,333.929,10
engramdb-arrow-flight,883,341.704,10
engramdb-arrow-flight,884,332.093,10
engramdb-arrow-flight,885,336.559,10
engramdb-arrow-flight,886,579.806,10
engramdb-arrow-flight,887,471.792,10
engramdb-arrow-flight,888,380.925,10
engramdb-arrow-flight,889,340.837,10
engramdb-arrow-flight,890,329.058,10
engramdb-arrow-flight,891,369.841,10
engramdb-arrow-flight,892,346.467,10
engramdb-arrow-flight,893,339.109,10
engramdb-arrow-flight,894,334.374,10
engramdb-arrow-flight,895,329.701,10
engramdb-arrow-flight,896,650.466,10
engramdb-arrow-flight,897,409.301,10
engramdb-arrow-flight,898,364.374,10
engramdb-arrow-flight,899,334.322,10
engramdb-arrow-flight,900,337.303,10
engramdb-arrow-flight,901,341.011,10
engramdb-arrow-flight,902,339.302,10
engramdb-arrow-flight,903,334.264,10
engramdb-arrow-flight,904,339.383,10
engramdb-arrow-flight,905,333.161,10
engramdb-arrow-flight,906,333.808,10
engramdb-arrow-flight,907,825.143,10
engramdb-arrow-flight,908,417.303,10
engramdb-arrow-flight,909,402.743,10
engramdb-arrow-flight,910,355.501,10
engramdb-arrow-flight,911,344.217,10
engramdb-arrow-flight,912,357.052,10
engramdb-arrow-flight,913,377.455,10
engramdb-arrow-flight,914,350.607,10
engramdb-arrow-flight,915,339.655,10
engramdb-arrow-flight,916,339.539,10
engramdb-arrow-flight,917,339.15,10
engramdb-arrow-flight,918,336.389,10
engramdb-arrow-flight,919,378.756,10
engramdb-arrow-flight,920,341.5,10
engramdb-arrow-flight,921,343.082,10
engramdb-arrow-flight,922,325.968,10
engramdb-arrow-flight,923,330.72,10
engramdb-arrow-flight,924,332.299,10
engramdb-arrow-flight,925,336.945,10
engramdb-arrow-flight,926,333.277,10
engramdb-arrow-flight,927,337.465,10
engramdb-arrow-flight,928,895.001,10
engramdb-arrow-flight,929,418.343,10
engramdb-arrow-flight,930,356.961,10
engramdb-arrow-flight,931,341.445,10
engramdb-arrow-flight,932,338.889,10
engramdb-arrow-flight,933,338.566,10
engramdb-arrow-flight,934,349.921,10
engramdb-arrow-flight,935,335.184,10
engramdb-arrow-flight,936,330.232,10
engramdb-arrow-flight,937,346.619,10
engramdb-arrow-flight,938,334.821,10
engramdb-arrow-flight,939,346.384,10
engramdb-arrow-flight,940,354.464,10
engramdb-arrow-flight,941,365.795,10
engramdb-arrow-flight,942,349.419,10
engramdb-arrow-flight,943,327.344,10
engramdb-arrow-flight,944,338.091,10
engramdb-arrow-flight,945,323.13,10
engramdb-arrow-flight,946,330.34,10
engramdb-arrow-flight,947,336.62,10
engramdb-arrow-flight,948,328.565,10
engramdb-arrow-flight,949,335.26,10
engramdb-arrow-flight,950,815.616,10
engramdb-arrow-flight,951,415.582,10
engramdb-arrow-flight,952,408.862,10
engramdb-arrow-flight,953,340.353,10
engramdb-arrow-flight,954,337.765,10
engramdb-arrow-flight,955,328.228,10
engramdb-arrow-flight,956,339.847,10
engramdb-arrow-flight,957,333.666,10
engramdb-arrow-flight,958,332.824,10
engramdb-arrow-flight,959,340.363,10
engramdb-arrow-flight,960,662.13,10
engramdb-arrow-flight,961,404.882,10
engramdb-arrow-flight,962,361.329,10
engramdb-arrow-flight,963,341.045,10
engramdb-arrow-flight,964,345.039,10
engramdb-arrow-flight,965,339.685,10
engramdb-arrow-flight,966,336.002,10
engramdb-arrow-flight,967,338.381,10
engramdb-arrow-flight,968,328.029,10
engramdb-arrow-flight,969,338.958,10
engramdb-arrow-flight,970,339.576,10
engramdb-arrow-flight,971,344.553,10
engramdb-arrow-flight,972,345.29,10
engramdb-arrow-flight,973,340.499,10
engramdb-arrow-flight,974,335.243,10
engramdb-arrow-flight,975,334.406,10
engramdb-arrow-flight,976,325.053,10
engramdb-arrow-flight,977,330.388,10
engramdb-arrow-flight,978,330.988,10
engramdb-arrow-flight,979,343.137,10
engramdb-arrow-flight,980,328.388,10
engramdb-arrow-flight,981,333.572,10
engramdb-arrow-flight,982,340.499,10
engramdb-arrow-flight,983,332.085,10
engramdb-arrow-flight,984,329.259,10
engramdb-arrow-flight,985,336.565,10
engramdb-arrow-flight,986,345.039,10
engramdb-arrow-flight,987,327.969,10
engramdb-arrow-flight,988,328.497,10
engramdb-arrow-flight,989,333.647,10
engramdb-arrow-flight,990,334.15,10
engramdb-arrow-flight,991,335.365,10
engramdb-arrow-flight,992,340.84,10
engramdb-arrow-flight,993,334.188,10
engramdb-arrow-flight,994,340.344,10
engramdb-arrow-flight,995,348.103,10
engramdb-arrow-flight,996,354.371,10
engramdb-arrow-flight,997,371.514,10
engramdb-arrow-flight,998,363.158,10
engramdb-arrow-flight,999,329.045,10
